draw date,n1,n2,n3,n4,n5,pb
09/25/2020,20,36,37,48,67,16
09/29/2020,14,39,43,44,67,19
10/02/2020,9,38,47,49,68,25
10/06/2020,15,16,18,39,59,17
10/09/2020,5,11,25,27,64,13
10/13/2020,11,44,45,46,70,25
10/16/2020,27,32,50,52,57,12
10/20/2020,46,54,57,58,66,10
10/23/2020,18,34,44,60,69,22
10/27/2020,6,13,34,46,62,1
10/30/2020,14,19,34,39,59,11
11/03/2020,7,31,44,45,55,19
11/06/2020,18,24,27,34,60,2
11/10/2020,23,45,53,58,62,13
11/13/2020,6,7,14,28,59,7
11/17/2020,8,13,35,46,68,16
11/20/2020,26,33,45,61,68,17
11/24/2020,9,15,34,61,64,6
11/27/2020,4,10,27,35,58,10
12/01/2020,7,33,53,61,65,14
12/04/2020,3,19,24,44,50,8
12/08/2020,15,19,33,39,68,25
12/11/2020,19,31,37,55,67,25
12/15/2020,1,10,18,20,46,15
12/18/2020,7,15,25,51,60,5
12/22/2020,29,53,56,59,67,21
12/25/2020,17,23,36,69,70,19
12/29/2020,1,31,35,48,62,19
01/01/2021,8,24,53,68,69,7
01/05/2021,20,43,51,55,57,4
01/08/2021,3,6,16,18,58,11
01/12/2021,12,14,26,28,33,9
01/15/2021,3,11,12,38,43,15
01/19/2021,10,19,26,28,50,16
01/22/2021,4,26,42,50,60,24
01/26/2021,29,49,56,66,67,24
01/29/2021,4,44,58,59,70,3
02/02/2021,13,37,38,40,67,10
02/05/2021,14,17,28,29,44,2
02/09/2021,7,18,21,31,40,9
02/12/2021,5,14,24,25,27,14
02/16/2021,1,36,44,54,66,10
02/19/2021,27,32,47,50,53,4
02/23/2021,5,7,9,20,57,15
02/26/2021,11,15,37,62,64,5
03/02/2021,4,8,13,34,64,18
03/05/2021,10,11,17,27,54,20
03/09/2021,4,33,46,58,65,13
03/12/2021,2,24,25,31,65,18
03/16/2021,10,41,46,52,69,8
03/19/2021,9,14,40,58,69,8
03/23/2021,12,23,35,38,55,11
03/26/2021,4,25,37,46,67,15
03/30/2021,11,37,47,53,56,15
04/02/2021,10,42,48,53,62,19
04/06/2021,1,19,20,32,42,17
04/09/2021,22,26,27,58,66,12
04/13/2021,10,15,19,45,68,9
04/16/2021,17,27,28,50,55,25
04/20/2021,6,23,43,49,52,5
04/23/2021,4,28,29,30,60,25
09/22/2020,36,43,44,55,68,12
09/18/2020,26,29,41,52,64,11
09/15/2020,25,28,38,59,62,22
09/11/2020,3,15,42,48,56,13
09/08/2020,7,10,15,31,57,21
09/04/2020,19,22,24,28,53,25
09/01/2020,15,25,26,38,47,22
08/28/2020,3,9,50,53,64,1
08/25/2020,8,10,15,17,57,12
08/21/2020,11,15,31,42,63,14
08/18/2020,4,18,26,27,58,23
08/14/2020,3,24,29,42,47,13
08/11/2020,8,22,29,43,56,9
08/07/2020,4,44,53,64,70,3
08/04/2020,2,22,30,42,62,20
07/31/2020,12,35,46,48,69,23
07/28/2020,17,20,27,31,34,19
07/24/2020,8,33,39,54,58,17
07/21/2020,14,25,26,41,43,15
07/17/2020,12,13,21,46,57,21
07/14/2020,6,26,55,56,64,22
07/10/2020,10,15,20,49,53,22
07/07/2020,16,20,25,30,43,18
07/03/2020,20,40,44,45,50,24
06/30/2020,9,16,29,37,53,11
06/26/2020,19,33,37,56,57,6
06/23/2020,6,20,37,40,48,15
06/19/2020,11,34,36,52,66,7
06/16/2020,21,23,33,35,42,6
06/12/2020,9,14,57,67,70,2
06/09/2020,1,5,9,10,23,22
06/05/2020,32,35,37,47,55,22
06/02/2020,9,20,23,26,29,8
05/29/2020,10,13,32,41,51,3
05/26/2020,34,52,58,59,62,4
05/22/2020,8,10,20,44,46,18
05/19/2020,8,19,25,36,66,9
05/15/2020,11,17,32,33,46,25
05/12/2020,7,16,27,44,52,5
05/08/2020,5,20,22,61,70,4
05/05/2020,7,13,17,21,45,14
05/01/2020,28,30,31,35,66,14
04/28/2020,13,19,53,54,63,17
04/24/2020,1,27,32,60,67,18
04/21/2020,13,15,24,67,70,17
04/17/2020,13,35,39,46,55,14
04/14/2020,29,47,65,69,70,7
04/10/2020,2,11,21,57,60,13
04/07/2020,25,33,43,51,68,20
04/03/2020,24,38,44,57,58,17
03/31/2020,8,17,51,57,70,2
03/27/2020,3,25,28,50,60,1
03/24/2020,2,8,16,18,31,14
03/20/2020,34,35,41,45,54,5
03/17/2020,20,27,28,58,59,25
03/13/2020,7,22,37,43,44,22
03/10/2020,6,17,48,54,69,12
03/06/2020,15,48,56,58,70,4
03/03/2020,8,12,33,56,64,2
02/28/2020,2,3,14,41,64,17
02/25/2020,2,9,43,49,63,15
02/21/2020,4,7,13,16,60,6
02/18/2020,6,12,39,61,70,4
02/14/2020,10,32,48,54,55,18
02/11/2020,4,6,32,52,64,6
02/07/2020,9,14,27,36,52,4
02/04/2020,32,48,50,51,64,10
01/31/2020,28,31,33,57,62,19
01/28/2020,17,36,47,51,62,21
01/24/2020,3,4,18,23,38,24
01/21/2020,16,18,29,31,37,8
01/17/2020,3,25,30,54,70,9
01/14/2020,9,11,13,31,47,11
01/10/2020,17,27,49,51,66,2
01/07/2020,25,40,41,52,56,21
01/03/2020,37,41,42,53,63,16
12/31/2019,30,44,49,53,56,11
12/27/2019,17,34,40,63,64,24
12/24/2019,27,37,48,63,66,11
12/20/2019,3,20,23,35,60,16
12/17/2019,22,30,53,55,56,16
12/13/2019,17,21,29,39,56,22
12/10/2019,18,31,46,54,61,25
12/06/2019,20,31,40,46,61,20
12/03/2019,23,43,60,63,69,19
11/29/2019,6,8,31,50,65,9
11/26/2019,8,27,29,38,43,13
11/22/2019,7,12,17,49,53,24
11/19/2019,22,43,44,47,66,22
11/15/2019,12,19,34,35,68,20
11/12/2019,19,30,44,56,65,24
11/08/2019,3,4,10,39,58,14
11/05/2019,2,9,24,49,54,19
11/01/2019,9,20,36,41,54,22
10/29/2019,4,9,17,27,39,22
10/25/2019,16,24,25,52,60,6
10/22/2019,5,11,14,23,25,10
10/18/2019,18,58,60,65,67,20
10/15/2019,4,12,14,35,70,2
10/11/2019,14,22,30,37,60,8
10/08/2019,5,8,10,17,48,23
10/04/2019,11,38,44,48,70,17
10/01/2019,10,17,39,42,59,3
09/27/2019,12,20,31,43,45,20
09/24/2019,6,14,24,42,46,9
09/20/2019,23,24,42,48,53,22
09/17/2019,12,15,30,50,65,1
09/13/2019,6,16,37,59,62,5
09/10/2019,34,47,48,50,55,24
09/06/2019,4,11,13,19,31,10
09/03/2019,13,20,27,61,62,5
08/30/2019,3,9,11,34,39,10
08/27/2019,8,12,23,39,43,6
08/23/2019,11,15,37,54,68,21
08/20/2019,8,14,25,51,63,4
08/16/2019,4,14,24,26,46,14
08/13/2019,7,27,31,34,51,5
08/09/2019,15,53,56,59,63,1
08/06/2019,11,17,31,43,55,16
08/02/2019,11,20,26,48,70,19
07/30/2019,10,24,28,33,38,6
07/26/2019,4,6,11,43,48,11
07/23/2019,1,4,23,40,45,11
07/19/2019,16,18,28,33,67,14
07/16/2019,8,16,31,48,52,23
07/12/2019,8,25,38,56,59,7
07/09/2019,12,26,40,48,64,1
07/05/2019,6,38,47,57,63,12
07/02/2019,3,25,37,40,55,13
06/28/2019,2,35,49,53,63,1
06/25/2019,24,33,45,47,61,17
06/21/2019,13,30,36,48,62,18
06/18/2019,12,14,22,24,48,21
06/14/2019,19,40,47,57,65,6
06/11/2019,20,34,39,43,57,13
06/07/2019,17,19,27,40,68,2
06/04/2019,25,37,46,48,68,25
05/31/2019,7,8,26,65,67,4
05/28/2019,9,21,34,42,50,21
05/24/2019,14,41,44,56,62,10
05/21/2019,10,50,55,56,58,15
05/17/2019,5,17,28,32,63,11
05/14/2019,11,59,66,67,68,18
05/10/2019,3,16,21,61,62,19
05/07/2019,3,6,34,54,63,19
05/03/2019,8,16,22,66,68,11
04/30/2019,24,37,41,61,70,20
04/26/2019,9,17,23,30,46,10
04/23/2019,7,24,30,48,67,9
04/19/2019,18,25,43,44,57,25
04/16/2019,11,29,34,48,54,10
04/12/2019,1,24,25,40,70,4
04/09/2019,11,22,34,44,58,9
04/05/2019,8,22,24,38,64,21
04/02/2019,33,47,58,59,64,25
03/29/2019,5,14,15,62,66,3
03/26/2019,4,14,22,43,58,9
03/22/2019,7,36,58,60,62,10
03/19/2019,10,42,53,67,68,15
03/15/2019,3,29,56,62,64,4
03/12/2019,10,12,16,49,57,18
03/08/2019,4,9,42,62,68,7
03/05/2019,15,20,32,37,52,6
03/01/2019,29,33,39,60,66,21
02/26/2019,10,12,14,24,60,20
02/22/2019,18,24,31,34,55,4
02/19/2019,17,24,34,56,65,3
02/15/2019,10,38,40,43,65,12
02/12/2019,15,32,39,50,65,7
02/08/2019,14,24,31,42,48,13
02/05/2019,3,34,36,59,66,7
02/01/2019,2,37,48,66,68,11
01/29/2019,10,33,53,54,62,22
01/25/2019,8,16,30,38,61,10
01/22/2019,4,15,37,59,64,16
01/18/2019,2,43,48,62,64,24
01/15/2019,29,52,58,60,62,7
01/11/2019,4,5,31,62,69,20
01/08/2019,13,26,29,38,64,5
01/04/2019,21,29,35,54,60,15
01/01/2019,34,44,57,62,70,14
12/28/2018,9,10,25,37,38,21
12/25/2018,2,8,42,43,50,6
12/21/2018,10,13,61,62,70,5
12/18/2018,13,22,32,60,69,9
12/14/2018,5,22,26,43,49,23
12/11/2018,4,38,39,54,59,12
12/07/2018,4,10,20,33,57,13
12/04/2018,28,31,41,42,50,4
11/30/2018,25,28,40,43,63,19
11/27/2018,12,24,37,42,57,18
11/23/2018,7,10,30,33,59,23
11/20/2018,10,16,31,42,66,10
11/16/2018,33,36,63,68,69,16
11/13/2018,34,46,57,65,69,11
11/09/2018,8,14,27,57,67,5
11/06/2018,28,34,37,56,69,12
11/02/2018,3,23,28,46,62,16
10/30/2018,20,31,39,46,49,23
10/26/2018,1,28,61,62,63,5
10/23/2018,5,28,62,65,70,5
10/19/2018,15,23,53,65,70,7
10/16/2018,3,45,49,61,69,9
10/12/2018,4,24,46,61,70,7
10/09/2018,20,22,39,54,60,18
10/05/2018,27,28,32,41,69,12
10/02/2018,2,22,29,31,34,1
09/28/2018,39,45,52,56,59,15
09/25/2018,8,16,32,48,61,12
09/21/2018,1,2,11,52,64,9
09/18/2018,31,32,43,63,68,17
09/14/2018,23,30,40,43,66,13
09/11/2018,15,30,51,62,67,19
09/07/2018,8,10,41,54,68,10
09/04/2018,2,7,25,35,44,3
08/31/2018,7,18,29,32,45,17
08/28/2018,3,20,33,34,41,20
08/24/2018,1,6,13,18,49,8
08/21/2018,14,16,19,38,57,11
08/17/2018,1,31,32,47,56,3
08/14/2018,11,26,44,45,46,11
08/10/2018,1,3,12,22,42,6
08/07/2018,2,13,15,21,62,2
08/03/2018,9,28,30,54,60,2
07/31/2018,12,15,35,64,69,9
07/27/2018,1,32,40,49,63,20
07/24/2018,1,2,4,19,29,20
07/20/2018,1,14,30,44,62,1
07/17/2018,40,41,61,66,67,12
07/13/2018,21,22,39,59,68,2
07/10/2018,1,17,28,56,70,14
07/06/2018,2,10,46,50,56,16
07/03/2018,13,35,45,49,68,23
06/29/2018,2,32,47,49,68,23
06/26/2018,17,25,29,39,60,19
06/22/2018,2,6,11,27,44,20
06/19/2018,11,13,28,65,70,14
06/15/2018,1,11,37,47,51,6
06/12/2018,1,3,5,8,70,3
06/08/2018,14,30,33,44,56,13
06/05/2018,22,33,41,48,52,4
06/01/2018,5,24,52,62,66,17
05/29/2018,2,11,55,58,67,2
05/25/2018,11,14,51,64,68,25
05/22/2018,16,17,21,36,48,9
05/18/2018,9,26,53,64,66,11
05/15/2018,21,34,44,49,61,21
05/11/2018,14,38,40,53,70,22
05/08/2018,8,15,39,64,67,13
05/04/2018,4,5,10,12,18,21
05/01/2018,2,7,20,55,70,1
04/27/2018,2,29,38,63,66,11
04/24/2018,3,19,31,32,48,10
04/20/2018,1,15,18,32,45,4
04/17/2018,12,34,44,47,65,22
04/13/2018,8,9,32,42,59,10
04/10/2018,5,13,31,43,53,20
04/06/2018,16,33,51,54,67,20
04/03/2018,4,29,39,42,62,14
03/30/2018,11,28,31,46,59,1
03/27/2018,7,25,43,56,59,13
03/23/2018,4,8,23,53,59,17
03/20/2018,14,38,51,64,70,9
03/16/2018,1,13,26,33,52,11
03/13/2018,6,30,58,60,61,17
03/09/2018,7,17,18,46,66,22
03/06/2018,1,4,26,35,39,22
03/02/2018,24,28,42,60,64,8
02/27/2018,10,17,21,38,43,23
02/23/2018,7,11,13,19,58,9
02/20/2018,17,19,23,24,43,14
02/16/2018,14,38,48,53,58,16
02/13/2018,5,12,15,46,49,1
02/09/2018,28,34,41,46,47,14
02/06/2018,14,17,25,48,58,25
02/02/2018,1,4,14,17,40,4
01/30/2018,29,41,42,49,57,24
01/26/2018,10,16,27,38,43,1
01/23/2018,2,6,30,31,55,7
01/19/2018,3,17,23,49,66,23
01/16/2018,3,11,23,29,59,18
01/12/2018,17,18,33,46,60,24
01/09/2018,16,29,31,65,67,23
01/05/2018,28,30,39,59,70,10
01/02/2018,1,42,47,64,70,22
12/29/2017,4,10,18,28,62,7
12/26/2017,10,12,20,38,41,25
12/22/2017,1,20,30,33,42,16
12/19/2017,28,37,39,42,58,2
12/15/2017,4,12,36,44,57,19
12/12/2017,8,23,24,25,27,9
12/08/2017,6,37,46,60,70,24
12/05/2017,14,15,37,42,67,22
12/01/2017,16,22,40,41,59,8
11/28/2017,10,17,47,51,61,5
11/24/2017,16,36,54,61,64,22
11/21/2017,3,7,22,27,50,3
11/17/2017,3,26,55,58,70,15
11/14/2017,1,14,21,22,28,19
11/10/2017,6,23,38,42,58,24
11/07/2017,1,54,60,68,69,11
11/03/2017,10,22,42,61,69,3
10/31/2017,6,28,31,52,53,12
10/27/2017,17,27,41,51,52,13
10/24/2017,20,24,34,56,64,6
10/20/2017,6,23,63,66,73,9
10/17/2017,31,45,49,56,70,11
10/13/2017,2,7,18,26,31,12
10/10/2017,7,16,24,61,62,2
10/06/2017,21,33,36,45,56,12
10/03/2017,12,18,19,25,67,7
09/29/2017,25,51,62,73,74,7
09/26/2017,1,10,57,66,75,4
09/22/2017,5,39,54,63,66,15
09/19/2017,9,28,31,50,61,10
09/15/2017,18,24,34,38,58,3
09/12/2017,26,37,41,54,65,3
09/08/2017,4,5,14,26,73,14
09/05/2017,11,17,59,70,72,1
09/01/2017,4,13,31,50,64,12
08/29/2017,2,13,17,35,73,3
08/25/2017,17,38,42,51,65,11
08/22/2017,24,35,46,50,51,7
08/18/2017,1,31,34,40,75,6
08/15/2017,7,16,20,66,73,7
08/11/2017,23,33,53,56,58,6
08/08/2017,11,17,50,52,74,14
08/04/2017,9,17,25,63,71,4
08/01/2017,20,22,52,57,73,7
07/28/2017,4,6,31,49,52,11
07/25/2017,2,5,26,58,60,6
07/21/2017,18,31,36,50,74,10
07/18/2017,8,12,23,51,73,6
07/14/2017,11,12,24,32,73,1
07/11/2017,7,18,24,55,74,10
07/07/2017,2,9,11,28,60,10
07/04/2017,16,39,47,53,71,15
06/30/2017,10,38,51,55,64,6
06/27/2017,4,21,45,52,57,14
06/23/2017,12,20,53,66,74,11
06/20/2017,2,15,41,49,63,3
06/16/2017,18,22,26,30,44,9
06/13/2017,27,51,62,68,75,8
06/09/2017,3,16,28,33,37,9
06/06/2017,3,5,16,49,75,5
06/02/2017,7,42,57,69,72,10
05/30/2017,5,20,32,37,67,5
05/26/2017,25,26,28,37,56,5
05/23/2017,6,13,17,33,60,14
05/19/2017,1,4,5,24,30,1
05/16/2017,4,35,39,56,72,11
05/12/2017,28,34,41,42,47,13
05/09/2017,6,29,45,69,73,11
05/05/2017,4,23,33,47,53,7
05/02/2017,5,14,42,43,58,1
04/28/2017,6,13,18,20,31,13
04/25/2017,3,13,33,40,50,2
04/21/2017,1,12,13,32,34,10
04/18/2017,8,29,30,43,64,6
04/14/2017,5,10,55,60,73,12
04/11/2017,19,34,35,38,49,8
04/07/2017,30,33,43,47,69,15
04/04/2017,13,24,34,35,55,9
03/31/2017,17,24,27,32,58,10
03/28/2017,30,33,35,37,46,10
03/24/2017,5,28,37,61,69,1
03/21/2017,4,45,53,73,75,7
03/17/2017,11,27,31,58,60,10
03/14/2017,16,23,28,33,59,13
03/10/2017,26,38,42,58,70,5
03/07/2017,3,30,45,53,68,11
03/03/2017,14,26,39,48,51,9
02/28/2017,20,33,45,58,69,4
02/24/2017,12,29,33,42,68,14
02/21/2017,9,21,30,32,75,9
02/17/2017,4,56,58,67,75,8
02/14/2017,7,11,33,60,68,15
02/10/2017,32,39,51,62,75,14
02/07/2017,23,28,37,56,71,12
02/03/2017,3,6,29,30,64,3
01/31/2017,3,14,27,62,72,4
01/27/2017,17,37,53,54,61,8
01/24/2017,8,42,54,63,67,11
01/20/2017,7,9,24,41,53,14
01/17/2017,20,31,54,56,59,3
01/13/2017,10,44,58,74,75,11
01/10/2017,11,20,40,41,59,15
01/06/2017,6,10,44,47,54,6
01/03/2017,14,16,23,49,53,12
12/30/2016,6,21,33,39,43,2
12/27/2016,2,28,30,38,39,11
12/23/2016,21,30,39,60,69,15
12/20/2016,1,12,14,48,65,2
12/16/2016,1,8,15,36,43,6
12/13/2016,2,15,26,34,41,14
12/09/2016,19,27,47,67,68,1
12/06/2016,13,34,48,53,63,12
12/02/2016,3,33,35,49,51,1
11/29/2016,22,33,49,51,59,8
11/25/2016,44,47,49,69,75,10
11/22/2016,1,43,45,66,69,7
11/18/2016,31,32,49,55,58,15
11/15/2016,9,17,23,57,71,6
11/11/2016,16,40,47,53,59,11
11/08/2016,46,48,53,61,74,12
11/04/2016,10,29,32,44,46,10
11/01/2016,19,24,31,39,45,13
10/28/2016,7,38,46,57,66,2
10/25/2016,8,9,24,49,67,13
10/21/2016,12,43,44,48,66,3
10/18/2016,7,24,28,65,74,1
10/14/2016,7,27,60,64,74,5
10/11/2016,36,39,42,45,48,3
10/07/2016,24,37,42,50,65,14
10/04/2016,18,29,30,54,66,1
09/30/2016,21,30,47,50,57,9
09/27/2016,14,16,26,53,72,4
09/23/2016,1,5,8,25,62,14
09/20/2016,2,22,34,62,72,2
09/16/2016,13,21,28,34,40,15
09/13/2016,6,15,17,39,56,15
09/09/2016,1,34,43,44,63,11
09/06/2016,25,37,58,69,75,8
09/02/2016,22,28,41,46,60,3
08/30/2016,28,32,41,51,71,11
08/26/2016,10,11,31,41,44,14
08/23/2016,2,7,46,61,66,1
08/19/2016,22,37,45,65,73,13
08/16/2016,2,43,52,62,63,6
08/12/2016,4,41,44,56,69,10
08/09/2016,12,19,20,44,66,1
08/05/2016,5,18,28,54,74,6
08/02/2016,3,12,36,54,70,12
07/29/2016,11,16,19,31,48,4
07/26/2016,1,4,31,36,54,9
07/22/2016,8,24,25,26,30,7
07/19/2016,3,34,54,65,66,4
07/15/2016,16,51,52,56,58,4
07/12/2016,6,8,22,46,68,4
07/08/2016,8,19,20,55,73,5
07/05/2016,29,46,53,64,73,10
07/01/2016,20,41,42,45,49,14
06/28/2016,15,17,20,35,55,7
06/24/2016,11,14,54,57,63,11
06/21/2016,6,13,21,49,50,10
06/17/2016,20,23,30,44,59,9
06/14/2016,36,37,38,52,62,6
06/10/2016,34,61,66,67,68,7
06/07/2016,25,48,51,65,72,4
06/03/2016,32,54,65,66,71,10
05/31/2016,9,31,34,41,49,8
05/27/2016,18,41,50,68,70,9
05/24/2016,11,50,51,70,75,15
05/20/2016,19,24,26,40,68,8
05/17/2016,17,24,27,48,75,6
05/13/2016,20,21,38,54,66,7
05/10/2016,12,22,46,56,74,4
05/06/2016,14,26,27,32,36,7
05/03/2016,28,29,33,36,45,15
04/29/2016,5,6,37,55,74,10
04/26/2016,14,16,17,28,48,2
04/22/2016,2,19,21,42,60,13
04/19/2016,9,28,40,57,65,2
04/15/2016,9,10,34,37,73,9
04/12/2016,7,11,59,62,63,3
04/08/2016,31,38,52,65,71,15
04/05/2016,13,45,52,53,57,10
04/01/2016,25,28,33,41,69,6
03/29/2016,33,38,40,46,49,15
03/25/2016,4,11,12,35,46,12
03/22/2016,6,19,34,38,70,5
03/18/2016,5,8,57,59,73,13
03/15/2016,18,26,30,44,68,7
03/11/2016,14,18,48,54,71,13
03/08/2016,27,37,54,66,69,5
03/04/2016,21,26,33,48,73,14
03/01/2016,1,29,33,34,55,6
02/26/2016,3,15,19,62,74,14
02/23/2016,16,32,39,53,57,10
02/19/2016,2,27,41,50,75,4
02/16/2016,9,31,33,46,64,4
02/12/2016,1,7,44,68,73,1
02/09/2016,3,42,46,56,71,13
02/05/2016,4,6,23,55,75,2
02/02/2016,7,13,25,51,70,9
01/29/2016,20,28,49,51,52,6
01/26/2016,14,27,39,50,69,2
01/22/2016,21,25,40,46,56,3
01/19/2016,2,17,31,39,47,9
01/15/2016,29,41,53,54,70,12
01/12/2016,15,27,29,31,48,15
01/08/2016,11,39,51,57,75,2
01/05/2016,1,4,36,48,57,13
01/01/2016,7,18,37,38,39,9
12/29/2015,20,25,55,62,74,7
12/25/2015,15,25,29,44,51,4
12/22/2015,11,21,40,50,70,15
12/18/2015,6,23,24,28,62,7
12/15/2015,18,25,47,51,61,5
12/11/2015,14,20,43,54,69,5
12/08/2015,7,17,37,49,73,15
12/04/2015,26,42,47,61,73,6
12/01/2015,5,7,25,50,59,12
11/27/2015,16,20,39,56,59,12
11/24/2015,2,19,30,38,70,8
11/20/2015,9,12,29,37,67,15
11/17/2015,12,14,18,24,61,10
11/13/2015,17,18,31,35,59,9
11/10/2015,8,17,20,45,71,4
11/06/2015,10,31,35,50,72,8
11/03/2015,16,29,44,69,74,12
10/30/2015,17,41,51,53,56,15
10/27/2015,9,26,27,29,74,4
10/23/2015,25,32,37,45,70,1
10/20/2015,6,25,35,38,52,4
10/16/2015,2,38,48,61,68,4
10/13/2015,7,9,24,38,52,1
10/09/2015,8,9,21,63,75,14
10/06/2015,17,58,63,64,66,13
10/02/2015,4,14,29,31,47,9
09/29/2015,8,21,30,61,62,9
09/25/2015,3,8,38,51,64,4
09/22/2015,28,30,38,45,51,8
09/18/2015,17,34,35,51,65,7
09/15/2015,7,20,35,49,56,9
09/11/2015,5,11,31,50,67,14
09/08/2015,19,20,36,41,46,7
09/04/2015,17,21,39,52,57,5
09/01/2015,2,5,35,40,54,13
08/28/2015,13,35,40,60,68,9
08/25/2015,5,44,54,59,63,1
08/21/2015,13,15,21,41,72,1
08/18/2015,2,7,33,39,53,9
08/14/2015,12,15,20,52,71,3
08/11/2015,3,8,29,57,68,8
08/07/2015,1,38,53,63,66,10
08/04/2015,2,19,44,51,57,14
07/31/2015,28,32,33,40,46,10
07/28/2015,8,35,61,68,75,15
07/24/2015,10,12,26,60,62,13
07/21/2015,20,30,62,65,74,1
07/17/2015,6,17,30,31,41,15
07/14/2015,19,24,30,35,72,5
07/10/2015,24,27,45,51,54,8
07/07/2015,6,15,16,28,49,14
07/03/2015,33,50,64,71,72,9
06/30/2015,11,17,34,43,50,15
06/26/2015,12,23,33,47,50,3
06/23/2015,6,13,38,56,70,2
06/19/2015,4,35,36,52,68,8
06/16/2015,8,19,26,56,67,14
06/12/2015,1,40,42,56,62,2
06/09/2015,6,16,17,25,36,7
06/05/2015,7,22,27,41,49,10
06/02/2015,2,9,11,22,23,12
05/29/2015,20,27,38,49,66,2
05/26/2015,1,39,52,69,72,12
05/22/2015,3,14,15,25,48,8
05/19/2015,10,12,21,29,65,10
05/15/2015,11,17,21,36,74,15
05/12/2015,14,30,33,36,44,2
05/08/2015,9,21,25,66,72,7
05/05/2015,11,21,42,62,71,7
05/01/2015,17,18,61,66,74,3
04/28/2015,22,27,55,58,63,11
04/24/2015,24,25,29,47,67,4
04/21/2015,31,33,35,41,69,11
04/17/2015,15,18,29,41,50,5
04/14/2015,3,7,25,68,71,3
04/10/2015,6,11,32,46,68,9
04/07/2015,5,15,22,26,64,6
04/03/2015,10,36,47,63,74,2
03/31/2015,8,26,41,61,73,11
03/27/2015,17,21,36,58,70,3
03/24/2015,2,23,32,45,55,12
03/20/2015,7,50,54,61,75,7
03/17/2015,11,27,44,45,58,3
03/13/2015,8,22,30,42,45,3
03/10/2015,10,14,19,30,73,14
03/06/2015,30,48,55,68,73,5
03/03/2015,9,11,42,44,50,3
02/27/2015,7,49,53,60,64,4
02/24/2015,15,23,26,45,66,4
02/20/2015,2,6,8,52,66,13
02/17/2015,6,45,50,65,66,1
02/13/2015,4,20,44,65,74,14
02/10/2015,7,42,53,58,71,15
02/06/2015,5,6,17,33,68,13
02/03/2015,11,22,25,58,69,13
01/30/2015,18,31,39,45,55,6
01/27/2015,5,26,27,44,57,7
01/23/2015,14,15,32,68,72,8
01/20/2015,31,35,56,59,63,6
01/16/2015,26,32,44,45,58,11
01/13/2015,12,20,25,50,51,7
01/09/2015,37,49,50,56,57,8
01/06/2015,12,20,27,38,75,4
01/02/2015,13,15,35,62,74,12
12/30/2014,3,7,44,63,67,12
12/26/2014,2,5,10,20,38,14
12/23/2014,4,10,31,56,66,7
12/19/2014,14,18,58,59,68,4
12/16/2014,41,58,68,72,73,1
12/12/2014,2,31,46,58,65,7
12/09/2014,27,45,49,51,52,14
12/05/2014,4,5,11,51,59,5
12/02/2014,13,18,22,49,62,11
11/28/2014,8,26,29,36,47,10
11/25/2014,10,11,29,47,56,4
11/21/2014,3,12,35,37,63,15
11/18/2014,37,39,53,68,75,6
11/14/2014,3,49,61,62,68,15
11/11/2014,23,25,28,30,75,11
11/07/2014,31,35,41,65,66,5
11/04/2014,9,15,24,39,41,1
10/31/2014,11,29,36,58,67,15
10/28/2014,3,50,57,58,60,11
10/24/2014,2,14,21,28,55,3
10/21/2014,5,35,37,41,66,11
10/17/2014,21,31,43,56,60,12
10/14/2014,11,37,46,64,68,15
10/10/2014,2,32,35,50,59,3
10/07/2014,16,29,46,48,55,2
10/03/2014,3,20,34,58,67,6
09/30/2014,3,16,52,54,61,6
09/26/2014,17,26,35,46,62,9
09/23/2014,21,24,25,40,43,12
09/19/2014,16,25,27,29,34,2
09/16/2014,25,45,51,53,73,2
09/12/2014,18,28,33,36,42,7
09/09/2014,25,34,55,70,71,1
09/05/2014,7,12,20,24,59,7
09/02/2014,1,8,54,69,72,1
08/29/2014,3,26,45,58,73,12
08/26/2014,29,31,51,60,64,1
08/22/2014,5,31,34,41,74,3
08/19/2014,22,39,56,67,71,15
08/15/2014,16,19,28,29,68,9
08/12/2014,32,53,60,63,68,6
08/08/2014,9,16,61,70,75,7
08/05/2014,25,28,36,45,53,6
08/01/2014,13,29,34,37,72,6
07/29/2014,2,8,16,43,74,1
07/25/2014,22,29,33,41,68,12
07/22/2014,14,18,22,31,47,15
07/18/2014,5,8,59,65,72,3
07/15/2014,2,4,17,36,40,5
07/11/2014,9,13,30,35,69,10
07/08/2014,14,25,27,48,49,9
07/04/2014,16,33,39,58,69,2
07/01/2014,9,22,38,47,49,15
06/27/2014,15,29,31,46,64,10
06/24/2014,13,17,24,47,65,10
06/20/2014,1,22,25,29,56,3
06/17/2014,10,14,24,47,60,3
06/13/2014,7,38,46,49,56,1
06/10/2014,2,10,24,26,74,7
06/06/2014,12,29,37,49,72,9
06/03/2014,19,28,62,66,74,6
05/30/2014,10,13,42,43,62,2
05/27/2014,1,6,10,46,58,13
05/23/2014,12,14,21,38,70,15
05/20/2014,10,40,63,64,69,7
05/16/2014,13,14,16,50,56,11
05/13/2014,37,46,48,70,74,1
05/09/2014,10,28,39,51,59,14
05/06/2014,18,20,27,48,51,5
05/02/2014,1,18,26,35,40,13
04/29/2014,7,43,59,61,66,3
04/25/2014,3,11,18,20,66,9
04/22/2014,2,18,19,49,50,1
04/18/2014,18,25,38,45,63,9
04/15/2014,4,39,46,47,70,13
04/11/2014,3,42,44,47,57,8
04/08/2014,35,36,41,60,71,3
04/04/2014,1,10,15,41,54,9
04/01/2014,10,23,68,74,75,9
03/28/2014,2,3,9,50,73,12
03/25/2014,19,26,51,57,73,15
03/21/2014,2,23,30,35,53,10
03/18/2014,11,19,24,33,51,7
03/14/2014,7,20,40,54,69,12
03/11/2014,9,14,56,57,69,10
03/07/2014,11,13,51,57,69,1
03/04/2014,10,29,31,35,45,10
02/28/2014,3,31,50,58,59,6
02/25/2014,12,18,25,35,66,15
02/21/2014,23,29,32,45,46,15
02/18/2014,23,29,31,37,70,14
02/14/2014,20,28,35,71,72,7
02/11/2014,43,64,67,71,73,4
02/07/2014,11,21,23,35,64,10
02/04/2014,25,44,49,60,73,9
01/31/2014,3,9,13,47,52,8
01/28/2014,7,16,28,53,60,2
01/24/2014,22,45,46,47,65,10
01/21/2014,8,23,33,45,52,4
01/17/2014,1,10,26,31,51,11
01/14/2014,4,23,26,62,69,13
01/10/2014,8,28,36,37,57,8
01/07/2014,13,34,56,62,64,6
01/03/2014,22,24,25,40,70,5
12/31/2013,8,12,34,52,58,8
12/27/2013,4,15,35,48,49,11
12/24/2013,23,34,53,58,73,2
12/20/2013,3,4,31,49,57,6
12/17/2013,8,14,17,20,39,7
12/13/2013,19,24,26,27,70,12
12/10/2013,5,12,22,41,65,13
12/06/2013,11,29,44,63,64,3
12/03/2013,7,12,41,44,59,3
11/29/2013,9,41,43,47,57,5
11/26/2013,27,44,59,74,75,3
11/22/2013,17,23,35,36,44,8
11/19/2013,14,15,29,49,63,2
11/15/2013,25,44,49,54,63,8
11/12/2013,20,30,32,42,71,15
11/08/2013,41,42,51,57,65,7
11/05/2013,2,11,42,64,74,2
11/01/2013,32,35,49,62,67,1
10/29/2013,20,33,50,53,54,7
10/25/2013,6,16,45,54,60,15
10/22/2013,2,3,19,52,71,14
10/15/2013,4,23,30,43,50,11
10/11/2013,3,27,37,45,48,46
10/08/2013,6,15,19,23,40,5
10/04/2013,4,16,24,25,44,5
10/01/2013,7,10,30,37,53,1
09/27/2013,9,23,27,49,51,38
09/24/2013,4,11,32,39,40,33
09/20/2013,1,15,20,21,47,34
09/17/2013,6,15,27,31,39,25
09/13/2013,9,22,28,48,54,8
09/10/2013,2,12,18,54,56,1
09/06/2013,2,16,17,22,41,31
09/03/2013,4,13,14,28,41,28
08/30/2013,6,19,24,43,44,33
08/27/2013,4,7,30,36,38,38
08/23/2013,1,9,17,20,53,14
08/20/2013,13,28,35,38,41,33
08/16/2013,7,13,26,36,46,37
08/13/2013,2,31,32,37,41,40
08/09/2013,11,20,30,34,38,12
08/06/2013,1,11,16,51,55,41
08/02/2013,8,21,23,25,39,4
07/30/2013,25,27,36,42,44,39
07/26/2013,4,22,23,27,38,42
07/23/2013,25,32,35,50,51,46
07/19/2013,16,20,24,39,42,46
07/16/2013,10,14,21,40,53,20
07/12/2013,4,5,25,27,51,10
07/09/2013,3,21,43,45,48,14
07/05/2013,2,23,41,47,54,42
07/02/2013,36,42,51,52,53,40
06/28/2013,8,15,35,46,52,38
06/25/2013,3,5,28,33,51,16
06/21/2013,3,14,17,40,50,3
06/18/2013,6,17,34,40,48,30
06/14/2013,2,5,31,33,34,20
06/11/2013,15,40,45,50,53,28
06/07/2013,1,10,37,48,55,21
06/04/2013,10,11,12,20,55,19
05/31/2013,2,20,26,44,46,26
05/28/2013,4,12,25,32,54,36
05/24/2013,4,5,16,18,53,28
05/21/2013,2,15,17,48,55,11
05/17/2013,11,15,35,43,49,41
05/14/2013,6,10,12,28,32,38
05/10/2013,1,19,20,39,49,28
05/07/2013,1,6,13,20,51,31
05/03/2013,2,20,34,42,54,39
04/30/2013,21,30,34,39,49,43
04/26/2013,17,42,49,54,55,31
04/23/2013,9,21,22,32,50,10
04/19/2013,6,8,12,22,43,28
04/16/2013,2,5,15,18,39,42
04/12/2013,1,10,13,19,21,28
04/09/2013,17,30,41,48,54,13
04/05/2013,8,15,23,36,41,5
04/02/2013,7,10,14,40,47,34
03/29/2013,25,31,36,46,53,21
03/26/2013,20,33,46,49,51,46
03/22/2013,14,27,34,37,41,38
03/19/2013,3,6,14,21,37,35
03/15/2013,4,8,17,22,32,8
03/12/2013,9,12,19,20,30,39
03/08/2013,4,11,25,34,35,44
03/05/2013,6,20,39,41,46,42
03/01/2013,17,30,38,43,51,20
02/26/2013,6,7,13,15,43,7
02/22/2013,9,13,24,38,49,30
02/19/2013,1,15,19,30,56,28
02/15/2013,11,35,41,42,44,42
02/12/2013,9,22,32,38,55,44
02/08/2013,6,15,20,39,50,5
02/05/2013,2,5,10,26,44,46
02/01/2013,1,30,32,40,41,17
01/29/2013,8,12,27,46,47,6
01/25/2013,11,12,17,31,48,1
01/22/2013,7,11,16,39,54,13
01/18/2013,8,18,25,42,49,14
01/15/2013,1,6,12,19,41,14
01/11/2013,24,29,30,34,56,1
01/08/2013,3,20,21,38,42,19
01/04/2013,1,2,23,25,55,39
01/01/2013,4,11,21,25,44,29
12/28/2012,10,13,32,40,41,32
12/25/2012,2,3,18,34,48,36
12/21/2012,3,18,32,41,56,19
12/18/2012,1,6,7,18,29,16
12/14/2012,11,28,33,41,43,41
12/11/2012,39,44,51,52,54,13
12/07/2012,7,43,44,51,56,4
12/04/2012,3,19,24,32,43,44
11/30/2012,11,22,24,28,31,46
11/27/2012,5,12,26,42,49,24
11/23/2012,8,37,44,47,48,27
11/20/2012,9,13,22,38,52,44
11/16/2012,5,24,26,29,53,36
11/13/2012,6,12,31,46,56,34
11/09/2012,18,22,33,35,40,11
11/06/2012,3,5,13,32,35,6
11/02/2012,4,18,22,38,44,24
10/30/2012,5,12,18,29,56,38
10/26/2012,4,15,24,36,40,44
10/23/2012,1,17,42,46,55,1
10/19/2012,14,34,36,48,53,42
10/16/2012,13,37,40,46,52,29
10/12/2012,6,10,24,26,42,15
10/09/2012,6,15,16,22,37,3
10/05/2012,8,9,16,32,39,15
10/02/2012,10,11,20,42,55,9
09/28/2012,6,8,14,43,56,28
09/25/2012,7,8,23,50,51,26
09/21/2012,3,13,14,46,55,34
09/18/2012,5,9,22,36,49,36
09/14/2012,16,17,21,40,51,20
09/11/2012,5,11,20,33,36,11
09/07/2012,15,32,38,42,46,31
09/04/2012,16,32,39,41,53,16
08/31/2012,31,40,41,47,48,45
08/28/2012,4,9,40,45,50,39
08/24/2012,25,34,45,46,49,34
08/21/2012,5,13,20,23,33,30
08/17/2012,8,20,24,35,56,24
08/14/2012,15,23,34,39,55,32
08/10/2012,10,18,36,38,44,8
08/07/2012,30,32,33,42,48,7
08/03/2012,2,10,13,38,46,2
07/31/2012,5,18,21,29,41,37
07/27/2012,2,3,4,8,43,26
07/24/2012,5,9,38,46,51,5
07/20/2012,2,44,48,50,52,3
07/17/2012,1,13,21,49,55,17
07/13/2012,6,7,13,24,46,34
07/10/2012,3,11,19,23,36,21
07/06/2012,20,23,28,35,39,21
07/03/2012,3,4,24,36,52,45
06/29/2012,28,34,39,45,53,34
06/26/2012,3,16,23,35,36,20
06/22/2012,10,16,19,32,36,13
06/19/2012,11,21,27,30,53,11
06/15/2012,8,12,18,30,40,4
06/12/2012,2,9,17,34,50,45
06/08/2012,4,9,34,40,48,25
06/05/2012,37,39,42,53,55,22
06/01/2012,2,27,38,46,52,45
05/29/2012,2,14,29,53,55,31
05/25/2012,9,15,21,40,54,11
05/22/2012,10,14,35,43,52,16
05/18/2012,3,11,22,34,49,1
05/15/2012,10,11,12,14,24,6
05/11/2012,3,15,29,35,54,8
05/08/2012,2,6,8,18,51,19
05/04/2012,4,11,21,42,53,38
05/01/2012,24,27,31,45,52,38
04/27/2012,2,5,45,46,47,37
04/24/2012,3,9,15,37,38,39
04/20/2012,14,23,26,33,35,40
04/17/2012,1,16,24,32,48,2
04/13/2012,9,14,17,36,42,33
04/10/2012,2,6,12,31,48,25
04/06/2012,2,19,20,24,33,39
04/03/2012,11,35,38,41,52,40
03/30/2012,2,4,23,38,46,23
03/27/2012,9,19,34,44,51,24
03/23/2012,6,17,19,20,21,20
03/20/2012,1,4,6,11,14,30
03/16/2012,28,29,43,51,53,7
03/13/2012,2,8,30,36,48,31
03/09/2012,9,10,27,36,42,11
03/06/2012,20,24,31,33,36,44
03/02/2012,16,29,48,52,54,5
02/28/2012,6,15,29,39,51,36
02/24/2012,1,16,18,25,27,3
02/21/2012,9,30,39,42,47,37
02/17/2012,16,25,28,32,40,3
02/14/2012,3,5,10,26,27,27
02/10/2012,3,4,18,29,50,20
02/07/2012,17,23,30,37,45,4
02/03/2012,7,19,21,49,53,35
01/31/2012,9,17,18,28,43,9
01/27/2012,3,5,30,36,48,23
01/24/2012,10,22,24,36,49,33
01/20/2012,1,9,28,38,47,8
01/17/2012,3,15,31,36,53,27
01/13/2012,10,27,28,37,51,19
01/10/2012,4,10,16,38,48,34
01/06/2012,9,17,28,34,48,46
01/03/2012,2,3,15,22,36,23
12/30/2011,4,24,45,46,52,1
12/27/2011,23,32,33,39,43,8
12/23/2011,3,5,8,18,29,14
12/20/2011,20,24,27,45,51,31
12/16/2011,2,4,26,36,39,27
12/13/2011,5,6,22,26,41,6
12/09/2011,4,12,29,49,51,44
12/06/2011,7,21,29,35,49,39
12/02/2011,24,30,48,51,56,45
11/29/2011,17,29,43,48,52,36
11/25/2011,22,28,42,49,54,43
11/22/2011,4,16,23,33,48,38
11/18/2011,4,13,33,39,55,3
11/15/2011,3,6,24,30,33,21
11/11/2011,2,16,22,29,50,27
11/08/2011,5,31,45,47,54,4
11/04/2011,26,30,32,33,44,1
11/01/2011,27,31,39,40,46,36
10/28/2011,13,31,49,52,56,41
10/25/2011,13,33,40,44,46,8
10/21/2011,6,21,35,37,38,17
10/18/2011,24,25,45,47,53,42
10/14/2011,13,35,42,45,54,26
10/11/2011,25,34,38,44,56,27
10/07/2011,5,15,19,23,38,19
10/04/2011,3,26,40,45,52,11
09/30/2011,3,19,21,44,45,29
09/27/2011,2,20,28,36,45,37
09/23/2011,27,31,32,40,52,36
09/20/2011,6,29,38,50,51,39
09/16/2011,6,23,41,45,56,24
09/13/2011,22,31,43,48,56,45
09/09/2011,7,12,19,23,31,45
09/06/2011,1,36,38,42,49,19
09/02/2011,25,44,48,49,55,20
08/30/2011,2,22,25,28,50,18
08/26/2011,2,3,27,30,47,36
08/23/2011,11,21,44,48,49,23
08/19/2011,5,15,53,54,56,22
08/16/2011,4,38,41,42,43,44
08/12/2011,9,43,51,54,55,13
08/09/2011,11,19,39,45,54,15
08/05/2011,6,24,28,33,42,19
08/02/2011,14,17,19,20,32,28
07/29/2011,8,10,22,47,48,35
07/26/2011,20,25,35,52,55,10
07/22/2011,23,31,32,39,56,38
07/19/2011,2,9,10,16,35,40
07/15/2011,16,29,30,46,56,6
07/12/2011,3,9,11,44,49,9
07/08/2011,1,2,22,37,50,45
07/05/2011,1,10,13,18,46,19
07/01/2011,12,17,30,35,47,26
06/28/2011,12,17,27,47,48,33
06/24/2011,10,14,40,49,51,4
06/21/2011,11,24,25,31,46,17
06/17/2011,12,29,46,47,51,24
06/14/2011,9,10,20,51,53,24
06/10/2011,18,21,27,37,38,7
06/07/2011,29,32,35,47,52,13
06/03/2011,20,23,41,49,53,31
05/31/2011,28,30,31,37,55,13
05/27/2011,5,7,14,28,56,10
05/24/2011,9,12,21,42,43,42
05/20/2011,10,17,19,45,48,30
05/17/2011,1,2,17,25,48,45
05/13/2011,3,33,39,47,53,9
05/10/2011,11,16,34,40,51,34
05/06/2011,6,18,26,37,41,9
05/03/2011,1,16,29,36,50,16
04/29/2011,9,10,11,33,51,29
04/26/2011,19,29,32,38,55,15
04/22/2011,3,18,46,51,53,17
04/19/2011,20,24,32,45,51,43
04/15/2011,22,23,33,39,48,29
04/12/2011,10,23,39,41,45,15
04/08/2011,6,40,45,50,56,11
04/05/2011,1,19,20,31,36,9
04/01/2011,13,14,35,36,53,19
03/29/2011,6,15,23,34,38,43
03/25/2011,22,24,31,52,54,4
03/22/2011,1,14,35,50,53,43
03/18/2011,14,33,34,54,56,37
03/15/2011,10,11,12,28,43,45
03/11/2011,14,19,21,42,45,6
03/08/2011,3,17,19,41,55,24
03/04/2011,8,10,15,23,41,7
03/01/2011,1,12,19,20,47,25
02/25/2011,4,5,17,19,50,7
02/22/2011,15,22,23,48,55,31
02/18/2011,5,6,7,30,45,42
02/15/2011,17,18,24,35,39,18
02/11/2011,8,9,17,32,34,13
02/08/2011,25,35,36,47,48,18
02/04/2011,6,20,29,48,55,6
02/01/2011,16,22,23,26,35,31
01/28/2011,14,33,48,49,50,18
01/25/2011,5,8,31,46,50,4
01/21/2011,5,9,21,35,38,20
01/18/2011,4,27,29,38,45,5
01/14/2011,2,15,17,33,35,8
01/11/2011,1,4,11,16,45,37
01/07/2011,4,22,42,46,53,20
01/04/2011,4,8,15,25,47,42
12/31/2010,10,12,13,35,56,9
12/28/2010,6,18,36,40,49,7
12/24/2010,15,16,27,40,52,16
12/21/2010,8,11,12,31,32,29
12/17/2010,11,20,26,46,53,12
12/14/2010,18,22,25,31,38,29
12/10/2010,23,27,33,44,46,36
12/07/2010,4,38,45,53,54,9
12/03/2010,6,11,12,18,56,12
11/30/2010,11,16,19,47,53,2
11/26/2010,5,9,34,43,47,8
11/23/2010,2,6,12,34,35,33
11/19/2010,7,14,31,51,54,35
11/16/2010,1,26,27,39,46,21
11/12/2010,9,26,28,35,38,10
11/09/2010,8,26,28,33,53,11
11/05/2010,19,25,34,46,53,15
11/02/2010,1,3,12,16,54,46
10/29/2010,4,19,26,28,39,14
10/26/2010,15,21,30,31,32,26
10/22/2010,2,7,18,32,53,18
10/19/2010,2,9,14,37,42,41
10/15/2010,9,10,13,31,50,10
10/12/2010,10,31,36,37,43,15
10/08/2010,24,29,37,48,50,19
10/05/2010,10,19,24,37,44,27
10/01/2010,3,8,21,28,52,43
09/28/2010,2,10,13,36,38,18
09/24/2010,2,28,38,42,55,25
09/21/2010,3,20,43,47,52,26
09/17/2010,3,4,14,18,27,13
09/14/2010,6,14,50,55,56,1
09/10/2010,11,12,17,21,23,20
09/07/2010,8,18,22,24,38,23
09/03/2010,10,13,20,28,36,9
08/31/2010,10,20,29,47,48,38
08/27/2010,4,10,26,32,41,31
08/24/2010,4,23,24,28,32,31
08/20/2010,4,13,20,29,48,36
08/17/2010,11,19,40,43,44,33
08/13/2010,6,17,24,43,55,36
08/10/2010,2,14,26,50,56,12
08/06/2010,7,13,30,33,54,30
08/03/2010,4,13,20,22,56,32
07/30/2010,11,30,40,48,52,42
07/27/2010,2,7,10,16,29,8
07/23/2010,16,19,39,44,49,26
07/20/2010,12,18,28,36,43,19
07/16/2010,2,15,18,20,39,34
07/13/2010,7,11,14,15,34,14
07/09/2010,1,31,33,34,50,41
07/06/2010,8,18,45,47,50,36
07/02/2010,1,10,12,32,36,25
06/29/2010,3,4,15,27,37,35
06/25/2010,1,2,13,19,27,21
06/22/2010,12,17,21,23,30,24
06/18/2010,11,36,37,41,55,7
06/15/2010,4,12,13,21,27,46
06/11/2010,6,13,33,34,42,25
06/08/2010,12,18,28,48,54,6
06/04/2010,12,13,15,17,50,23
06/01/2010,12,27,44,45,51,30
05/28/2010,3,11,20,29,39,26
05/25/2010,5,14,17,19,24,25
05/21/2010,15,20,23,26,30,17
05/18/2010,11,13,19,37,40,26
05/14/2010,20,21,40,47,56,12
05/11/2010,26,33,43,46,54,9
05/07/2010,2,7,20,34,50,40
05/04/2010,9,21,31,36,43,8
04/30/2010,14,20,41,47,53,40
04/27/2010,23,37,41,50,55,6
04/23/2010,19,26,28,37,52,18
04/20/2010,5,8,10,34,42,25
04/16/2010,10,16,31,48,50,44
04/13/2010,3,12,27,39,47,32
04/09/2010,15,18,39,48,53,3
04/06/2010,16,43,44,52,56,26
04/02/2010,2,17,22,30,31,19
03/30/2010,1,11,24,38,44,41
03/26/2010,23,41,46,47,52,22
03/23/2010,3,25,28,29,40,13
03/19/2010,10,31,45,50,54,25
03/16/2010,3,22,48,52,56,13
03/12/2010,2,15,25,48,53,41
03/09/2010,14,16,18,19,29,16
03/05/2010,11,31,34,44,52,32
03/02/2010,9,12,47,48,56,25
02/26/2010,4,14,29,54,56,40
02/23/2010,4,16,36,40,53,18
02/19/2010,1,22,39,42,46,36
02/16/2010,11,12,21,29,45,5
02/12/2010,14,16,17,33,47,23
02/09/2010,2,17,20,26,48,12
02/05/2010,10,20,45,51,53,41
02/02/2010,6,7,26,27,49,9
01/29/2010,1,10,22,23,38,19
01/26/2010,7,8,38,39,48,22
01/22/2010,8,13,27,28,52,9
01/19/2010,4,5,34,38,41,18
01/15/2010,4,7,19,21,38,29
01/12/2010,5,9,31,37,56,16
01/08/2010,18,20,31,36,43,33
01/05/2010,13,28,39,50,55,10
01/01/2010,6,8,27,40,41,21
12/29/2009,2,5,29,35,51,3
12/22/2009,3,33,35,39,45,13
12/18/2009,10,20,30,44,49,24
12/15/2009,27,31,32,36,47,35
12/11/2009,2,21,27,34,44,45
12/08/2009,20,23,28,30,46,29
12/04/2009,4,33,41,51,56,38
12/01/2009,17,30,39,52,53,21
11/27/2009,12,25,37,39,45,11
11/24/2009,10,11,35,37,50,12
11/20/2009,3,4,7,16,56,39
11/17/2009,8,22,27,49,50,28
11/13/2009,27,43,45,49,54,44
11/10/2009,8,21,29,34,37,15
11/06/2009,7,11,27,40,46,8
11/03/2009,5,18,23,31,38,20
10/30/2009,4,15,17,29,38,20
10/27/2009,7,13,37,46,51,2
10/23/2009,27,45,48,54,56,2
10/20/2009,13,17,25,45,55,8
10/16/2009,10,13,18,33,51,43
10/13/2009,17,31,34,45,51,24
10/09/2009,3,14,21,24,51,14
10/06/2009,9,33,51,53,56,39
10/02/2009,15,24,51,53,55,11
09/29/2009,2,21,25,45,50,21
09/25/2009,7,27,42,49,52,19
09/22/2009,26,29,33,39,46,24
09/18/2009,18,27,31,36,52,33
09/15/2009,29,30,32,35,41,39
09/11/2009,16,27,48,49,54,2
09/08/2009,4,10,18,28,50,35
09/04/2009,2,4,6,21,44,37
09/01/2009,2,9,28,51,53,19
08/28/2009,1,17,31,37,54,31
08/25/2009,3,12,19,22,40,2
08/21/2009,9,38,44,48,49,13
08/18/2009,4,5,26,37,56,25
08/14/2009,8,22,25,33,35,46
08/11/2009,6,12,15,32,42,40
08/07/2009,7,18,35,45,56,3
08/04/2009,1,28,34,42,50,27
07/31/2009,17,35,44,52,56,22
07/28/2009,4,17,24,25,48,34
07/24/2009,3,6,43,51,52,36
07/21/2009,3,8,21,50,52,2
07/17/2009,8,17,40,47,50,13
07/14/2009,20,29,35,45,53,41
07/10/2009,5,10,26,27,28,4
07/07/2009,25,27,35,38,39,28
07/03/2009,5,6,7,11,25,31
06/30/2009,7,34,49,54,55,34
06/26/2009,11,15,17,29,46,16
06/23/2009,12,14,16,31,50,9
06/19/2009,4,9,12,16,46,44
06/16/2009,9,15,21,26,45,25
06/12/2009,6,11,20,32,44,38
06/09/2009,5,17,31,36,56,46
06/05/2009,5,20,38,41,52,20
06/02/2009,9,13,26,30,35,33
05/29/2009,23,30,36,39,48,34
05/26/2009,9,18,21,37,55,33
05/22/2009,3,29,34,42,49,29
05/19/2009,2,4,9,15,42,13
05/15/2009,7,12,24,36,48,27
05/12/2009,4,8,10,14,51,31
05/08/2009,12,27,29,32,34,34
05/05/2009,5,23,38,39,54,3
05/01/2009,9,16,24,40,43,35
04/28/2009,15,20,24,36,44,6
04/24/2009,9,20,21,48,49,7
04/21/2009,5,24,37,47,52,6
04/17/2009,5,13,26,35,45,32
04/14/2009,4,11,22,48,50,42
04/10/2009,18,25,36,42,51,22
04/07/2009,2,4,13,17,36,15
04/03/2009,16,22,38,39,48,42
03/31/2009,14,39,47,48,53,29
03/27/2009,10,15,24,38,50,19
03/24/2009,4,25,34,43,44,45
03/20/2009,15,16,20,39,40,26
03/17/2009,9,15,24,28,31,17
03/13/2009,10,12,26,46,50,23
03/10/2009,2,27,31,39,40,23
03/06/2009,11,18,37,46,55,45
03/03/2009,26,32,35,43,52,10
02/27/2009,24,37,44,50,56,35
02/24/2009,1,27,28,35,40,6
02/20/2009,21,28,41,45,55,24
02/17/2009,1,9,23,27,33,24
02/13/2009,25,36,37,40,51,20
02/10/2009,18,29,38,43,47,7
02/06/2009,2,12,18,28,31,3
02/03/2009,4,15,29,43,56,29
01/30/2009,13,16,19,53,55,2
01/27/2009,3,11,12,14,21,25
01/23/2009,2,17,20,27,28,7
01/20/2009,1,9,10,35,46,9
01/16/2009,2,4,21,39,51,29
01/13/2009,22,25,33,36,48,40
01/09/2009,23,25,30,45,50,8
01/06/2009,3,11,12,19,33,30
01/02/2009,2,11,19,21,34,38
12/30/2008,1,22,29,44,52,39
12/26/2008,6,19,29,33,37,31
12/23/2008,1,8,13,27,41,45
12/19/2008,3,13,16,39,54,32
12/16/2008,10,14,16,29,40,6
12/12/2008,10,16,19,27,48,25
12/09/2008,11,12,26,31,33,27
12/05/2008,21,27,46,52,55,14
12/02/2008,2,17,22,32,51,35
11/28/2008,10,30,44,46,48,44
11/25/2008,2,11,22,51,52,46
11/21/2008,1,22,52,53,56,45
11/18/2008,10,15,22,52,53,12
11/14/2008,3,18,19,30,34,3
11/11/2008,5,27,38,42,55,41
11/07/2008,14,24,32,43,44,21
11/04/2008,10,21,23,41,55,9
10/31/2008,2,7,17,29,47,40
10/28/2008,6,39,45,46,48,36
10/24/2008,5,33,34,47,52,18
10/21/2008,16,19,39,42,44,38
10/17/2008,7,15,27,28,31,35
10/14/2008,14,35,41,42,51,23
10/10/2008,14,15,43,46,48,21
10/07/2008,2,25,35,38,42,34
10/03/2008,13,28,32,41,52,16
09/30/2008,9,30,35,39,49,36
09/26/2008,6,13,14,31,36,36
09/23/2008,9,32,34,43,52,4
09/19/2008,2,9,41,48,51,37
09/16/2008,13,24,39,51,52,44
09/12/2008,1,12,14,25,35,38
09/09/2008,22,23,28,49,52,2
09/05/2008,1,6,15,27,46,39
09/02/2008,14,23,43,44,54,39
08/29/2008,21,25,26,50,51,22
08/26/2008,6,16,24,34,36,30
08/22/2008,12,13,15,41,42,37
08/19/2008,9,18,19,26,40,38
08/15/2008,8,23,29,30,53,7
08/12/2008,2,7,23,38,40,40
08/08/2008,11,17,28,32,50,33
08/05/2008,9,21,36,38,55,13
08/01/2008,9,13,17,18,56,2
07/29/2008,11,13,20,30,42,3
07/25/2008,2,16,19,35,52,17
07/22/2008,2,16,23,29,32,46
07/18/2008,17,29,36,53,55,26
07/15/2008,19,24,34,45,51,40
07/11/2008,5,14,16,39,51,34
07/08/2008,1,20,22,29,41,35
07/04/2008,1,3,12,19,20,28
07/01/2008,1,22,33,43,52,36
06/27/2008,8,14,22,39,50,44
06/24/2008,10,22,36,50,53,39
06/20/2008,11,17,25,36,42,13
06/17/2008,5,14,25,47,49,36
06/13/2008,8,9,14,38,44,36
06/10/2008,3,5,15,43,51,11
06/06/2008,8,9,43,44,54,27
06/03/2008,4,19,24,32,54,5
05/30/2008,39,40,47,53,55,32
05/27/2008,14,24,32,45,49,17
05/23/2008,4,8,11,22,30,4
05/20/2008,2,14,26,32,41,32
05/16/2008,6,11,39,46,47,26
05/13/2008,20,24,27,31,47,15
05/09/2008,16,31,43,46,56,22
05/06/2008,4,21,46,53,54,26
05/02/2008,8,28,37,53,55,26
04/29/2008,19,24,35,44,51,26
04/25/2008,19,32,37,45,52,41
04/22/2008,3,22,31,48,54,9
04/18/2008,24,28,36,50,53,29
04/15/2008,12,13,27,48,50,30
04/11/2008,14,18,27,31,42,7
04/08/2008,8,9,31,37,44,38
04/04/2008,3,5,40,45,49,17
04/01/2008,4,17,26,46,56,25
03/28/2008,7,26,27,40,43,10
03/25/2008,38,42,43,48,53,12
03/21/2008,5,8,17,19,41,21
03/18/2008,13,15,20,25,44,37
03/14/2008,3,12,18,25,52,21
03/11/2008,4,13,35,41,47,44
03/07/2008,19,32,33,41,48,12
03/04/2008,7,15,30,33,56,22
02/29/2008,5,17,22,26,55,38
02/26/2008,9,12,30,36,55,15
02/22/2008,7,12,13,19,22,10
02/19/2008,1,38,42,55,56,34
02/15/2008,7,11,26,30,53,14
02/12/2008,14,27,39,47,50,12
02/08/2008,21,30,43,46,50,18
02/05/2008,4,5,17,40,51,38
02/01/2008,3,14,30,44,56,5
01/29/2008,8,23,39,40,42,24
01/25/2008,5,12,22,38,56,22
01/22/2008,12,15,22,25,33,2
01/18/2008,12,22,33,43,44,15
01/15/2008,21,30,42,44,50,6
01/11/2008,22,36,42,45,55,42
01/08/2008,10,29,45,52,54,10
01/04/2008,24,31,39,40,56,32
01/01/2008,13,16,25,30,54,11
12/28/2007,2,19,22,28,54,25
12/21/2007,14,19,20,43,53,7
12/18/2007,3,23,46,48,49,2
12/14/2007,4,7,12,17,30,44
12/11/2007,6,25,27,30,45,46
12/07/2007,12,18,26,28,51,35
12/04/2007,16,27,30,45,53,43
11/30/2007,5,6,12,26,51,7
11/27/2007,9,10,26,29,39,10
11/23/2007,18,21,33,42,56,11
11/20/2007,14,20,23,42,43,6
11/16/2007,12,13,30,31,39,29
11/13/2007,15,26,36,39,40,45
11/09/2007,11,33,41,42,46,21
11/06/2007,3,17,43,46,47,2
11/02/2007,1,3,34,49,52,19
10/30/2007,2,8,44,46,51,22
10/26/2007,12,20,24,38,51,3
10/23/2007,2,7,45,52,53,18
10/19/2007,5,15,18,23,46,14
10/16/2007,1,2,5,41,44,25
10/12/2007,21,26,34,44,54,23
10/09/2007,1,10,17,32,51,44
10/05/2007,10,19,37,40,48,1
10/02/2007,28,37,40,43,44,20
09/28/2007,4,13,20,25,33,42
09/25/2007,2,19,23,47,54,16
09/21/2007,5,21,23,33,45,43
09/18/2007,20,24,31,34,49,8
09/14/2007,5,9,12,33,40,27
09/11/2007,9,10,17,21,35,6
09/07/2007,14,19,27,34,48,3
09/04/2007,3,6,11,42,46,38
08/31/2007,8,18,22,40,44,11
08/28/2007,37,40,48,53,56,44
08/24/2007,4,21,46,51,53,5
08/21/2007,8,38,54,55,56,2
08/17/2007,2,8,33,38,53,12
08/14/2007,5,8,9,24,34,17
08/10/2007,10,20,32,33,54,39
08/07/2007,36,41,50,55,56,9
08/03/2007,16,29,42,46,51,40
07/31/2007,5,18,37,39,43,42
07/27/2007,7,12,35,54,55,2
07/24/2007,8,17,20,23,50,17
07/20/2007,6,13,30,41,52,26
07/17/2007,16,30,38,46,51,5
07/13/2007,7,39,41,48,53,21
07/10/2007,19,24,30,34,56,19
07/06/2007,3,9,12,25,47,37
07/03/2007,21,35,37,39,40,35
06/29/2007,1,17,40,51,52,7
06/26/2007,4,10,20,29,45,21
06/22/2007,11,14,21,24,31,23
06/19/2007,5,16,31,49,54,19
06/15/2007,1,5,16,26,30,21
06/12/2007,3,13,19,31,50,21
06/08/2007,6,26,29,31,39,31
06/05/2007,27,35,38,49,56,15
06/01/2007,12,19,29,32,48,9
05/29/2007,2,24,44,51,54,7
05/25/2007,10,14,22,42,43,1
05/22/2007,2,7,11,22,36,35
05/18/2007,13,23,24,30,44,5
05/15/2007,6,13,42,46,56,42
05/11/2007,28,30,33,48,54,25
05/08/2007,16,24,41,43,54,36
05/04/2007,4,9,20,45,55,34
05/01/2007,11,16,31,52,53,42
04/27/2007,5,7,26,38,56,15
04/24/2007,8,10,35,36,43,14
04/20/2007,1,9,10,23,53,40
04/17/2007,1,4,11,31,47,37
04/13/2007,11,14,21,25,26,33
04/10/2007,7,15,16,19,28,10
04/06/2007,24,32,34,36,39,6
04/03/2007,16,26,33,34,46,38
03/30/2007,15,23,37,48,53,22
03/27/2007,18,25,34,35,42,6
03/23/2007,18,21,35,51,53,36
03/20/2007,7,21,46,49,55,15
03/16/2007,17,25,36,40,43,9
03/13/2007,7,11,16,38,49,35
03/09/2007,10,13,25,42,43,30
03/06/2007,16,22,29,39,42,20
03/02/2007,14,21,33,35,51,43
02/27/2007,18,31,44,45,48,18
02/23/2007,3,18,21,38,50,43
02/20/2007,1,9,26,46,51,11
02/16/2007,17,35,40,46,48,41
02/13/2007,3,9,24,29,41,41
02/09/2007,32,39,46,48,49,41
02/06/2007,16,21,35,36,46,38
02/02/2007,22,33,35,40,53,15
01/30/2007,14,18,44,52,56,25
01/26/2007,16,17,36,49,54,14
01/23/2007,3,5,15,26,53,35
01/19/2007,4,28,30,31,35,17
01/16/2007,4,8,15,33,52,10
01/12/2007,12,14,26,40,42,22
01/09/2007,7,11,26,38,54,13
01/05/2007,2,12,44,46,51,6
01/02/2007,9,10,38,51,53,1
12/29/2006,3,4,10,39,50,29
12/26/2006,7,12,25,44,53,3
12/22/2006,5,12,15,25,34,43
12/19/2006,9,32,37,42,48,7
12/15/2006,6,7,17,28,40,39
12/12/2006,20,30,31,35,49,23
12/08/2006,1,15,29,32,45,8
12/05/2006,6,9,13,43,46,45
12/01/2006,16,22,23,37,53,35
11/28/2006,7,14,24,41,56,7
11/24/2006,14,35,40,47,48,35
11/21/2006,7,13,20,42,47,9
11/17/2006,5,19,25,30,50,42
11/14/2006,9,20,24,25,36,23
11/10/2006,11,42,52,53,55,28
11/07/2006,13,22,33,51,52,42
11/03/2006,8,10,22,25,55,22
10/31/2006,5,34,40,45,46,21
10/27/2006,15,22,26,30,32,31
10/24/2006,5,25,41,48,51,35
10/20/2006,9,13,23,29,54,34
10/17/2006,6,18,20,28,38,37
10/13/2006,24,27,42,47,50,8
10/10/2006,14,30,35,40,43,2
10/06/2006,1,11,20,21,46,18
10/03/2006,6,19,32,33,40,39
09/29/2006,3,25,43,45,55,40
09/26/2006,3,6,38,42,45,30
09/22/2006,7,12,17,22,43,16
09/19/2006,2,19,44,45,56,43
09/15/2006,6,26,33,39,55,1
09/12/2006,3,16,25,30,44,42
09/08/2006,9,17,34,52,53,2
09/05/2006,1,32,36,42,53,4
09/01/2006,5,6,51,53,55,12
08/29/2006,15,25,37,38,52,4
08/25/2006,17,24,35,46,54,33
08/22/2006,3,4,5,7,36,16
08/18/2006,5,12,13,46,50,10
08/15/2006,10,12,22,44,48,16
08/11/2006,14,16,38,40,49,29
08/08/2006,1,5,13,18,33,30
08/04/2006,2,24,31,50,55,44
08/01/2006,14,29,32,43,49,14
07/28/2006,2,13,23,32,35,4
07/25/2006,7,21,24,41,51,10
07/21/2006,18,26,35,36,43,24
07/18/2006,12,13,29,49,52,20
07/14/2006,13,25,26,28,56,39
07/11/2006,5,14,34,36,52,42
07/07/2006,7,15,27,46,56,39
07/04/2006,9,15,31,42,45,41
06/30/2006,20,40,46,48,54,27
06/27/2006,2,14,20,29,44,32
06/23/2006,13,17,24,34,56,24
06/20/2006,11,21,37,53,54,12
06/16/2006,27,30,36,38,45,13
06/13/2006,1,20,23,24,33,29
06/09/2006,8,17,18,26,47,37
06/06/2006,5,29,35,52,53,9
06/02/2006,3,10,18,36,38,41
05/30/2006,2,13,28,34,45,36
05/26/2006,12,14,20,47,48,24
05/23/2006,17,21,28,48,54,1
05/19/2006,5,12,31,51,56,1
05/16/2006,7,24,40,48,50,15
05/12/2006,6,36,39,45,52,45
05/09/2006,7,15,24,43,44,22
05/05/2006,8,20,39,53,55,10
05/02/2006,7,11,22,27,31,33
04/28/2006,16,29,32,36,55,12
04/25/2006,1,20,32,37,39,9
04/21/2006,2,4,7,27,41,4
04/18/2006,13,14,25,34,50,6
04/14/2006,8,10,18,29,33,10
04/11/2006,2,12,45,46,56,20
04/07/2006,1,18,31,46,52,37
04/04/2006,9,25,48,51,56,7
03/31/2006,4,7,19,50,52,15
03/28/2006,14,18,35,39,49,14
03/24/2006,1,2,17,47,49,19
03/21/2006,4,16,17,28,31,8
03/17/2006,8,11,23,48,52,5
03/14/2006,27,28,30,42,50,22
03/10/2006,4,17,18,51,54,31
03/07/2006,15,27,36,38,42,32
03/03/2006,25,29,38,39,46,4
02/28/2006,2,4,35,36,48,22
02/24/2006,3,5,12,16,34,27
02/21/2006,14,23,27,36,45,36
02/17/2006,16,25,31,43,46,28
02/14/2006,27,36,43,49,54,33
02/10/2006,24,39,40,43,46,2
02/07/2006,2,16,25,30,48,26
02/03/2006,29,31,32,41,52,42
01/31/2006,1,35,53,54,56,44
01/27/2006,2,7,8,18,29,46
01/24/2006,31,34,36,51,55,4
01/20/2006,18,22,28,44,53,46
01/17/2006,24,32,37,39,40,44
01/13/2006,5,21,27,44,53,36
01/10/2006,7,27,32,37,38,30
01/06/2006,8,11,28,37,53,12
01/03/2006,15,19,20,32,38,21
12/30/2005,14,20,25,40,44,37
12/27/2005,11,24,27,49,55,23
12/23/2005,10,37,39,49,54,8
12/20/2005,6,20,23,40,56,36
12/16/2005,14,25,26,31,56,17
12/13/2005,9,10,12,22,41,4
12/09/2005,14,15,31,32,43,20
12/06/2005,6,10,26,30,33,16
12/02/2005,3,12,21,38,44,45
11/29/2005,7,8,47,51,52,5
11/25/2005,5,25,31,33,34,41
11/22/2005,9,22,37,41,43,30
11/18/2005,8,18,21,42,46,11
11/15/2005,2,4,5,40,48,7
11/11/2005,9,14,34,50,51,40
11/08/2005,8,16,21,25,27,16
11/04/2005,7,9,41,53,54,38
11/01/2005,5,18,21,28,36,20
10/28/2005,8,17,25,28,53,1
10/25/2005,7,12,18,31,55,30
10/21/2005,11,17,28,29,36,42
10/18/2005,3,12,16,32,33,15
10/14/2005,6,20,24,25,34,44
10/11/2005,24,30,42,53,54,20
10/07/2005,2,4,23,27,36,37
10/04/2005,12,24,28,29,36,41
09/30/2005,1,3,14,30,52,10
09/27/2005,14,17,26,27,28,5
09/23/2005,6,7,20,41,51,38
09/20/2005,35,36,40,42,52,45
09/16/2005,5,16,41,46,50,1
09/13/2005,13,24,44,48,52,30
09/09/2005,15,28,43,51,52,11
09/06/2005,1,8,27,31,50,40
09/02/2005,1,4,14,45,53,33
08/30/2005,19,32,42,49,56,29
08/26/2005,5,20,38,47,54,35
08/23/2005,6,7,8,13,40,12
08/19/2005,2,13,18,36,46,36
08/16/2005,9,15,20,24,55,3
08/12/2005,8,37,38,45,54,21
08/09/2005,13,35,36,43,52,5
08/05/2005,3,5,48,50,53,4
08/02/2005,17,22,39,50,52,46
07/29/2005,4,16,23,25,40,22
07/26/2005,1,10,18,29,55,8
07/22/2005,7,18,27,35,54,34
07/19/2005,7,13,48,51,54,11
07/15/2005,9,13,25,36,48,2
07/12/2005,5,17,32,39,53,36
07/08/2005,9,23,45,48,50,3
07/05/2005,22,38,48,50,55,29
07/01/2005,14,25,41,42,50,40
06/28/2005,2,20,37,43,46,4
06/24/2005,14,43,44,50,56,7
06/21/2005,9,13,40,46,50,30
06/17/2005,16,35,40,49,50,34
06/14/2005,1,10,29,48,49,36
06/10/2005,14,29,31,37,50,34
06/07/2005,7,14,28,46,47,25
06/03/2005,4,6,14,28,47,42
05/31/2005,5,13,22,37,38,11
05/27/2005,7,17,22,34,50,24
05/24/2005,9,28,39,40,45,24
05/20/2005,3,6,27,40,44,9
05/17/2005,7,9,10,29,44,17
05/13/2005,21,23,27,33,39,8
05/10/2005,11,25,38,40,42,40
05/06/2005,7,12,25,50,51,19
05/03/2005,7,17,42,46,52,47
04/29/2005,2,5,7,28,46,21
04/26/2005,18,22,33,34,42,16
04/22/2005,23,25,43,46,49,26
04/19/2005,5,6,14,42,47,3
04/15/2005,25,26,37,39,49,29
04/12/2005,15,20,43,47,50,24
04/08/2005,5,13,17,33,35,35
04/05/2005,4,19,45,51,52,22
04/01/2005,11,19,28,32,45,10
03/29/2005,7,17,18,30,42,38
03/25/2005,11,18,19,45,49,2
03/22/2005,6,11,27,37,43,34
03/18/2005,2,9,28,29,48,33
03/15/2005,14,26,27,34,44,27
03/11/2005,18,19,31,35,36,17
03/08/2005,8,14,15,22,31,13
03/04/2005,7,10,13,35,39,21
03/01/2005,1,8,18,39,48,1
02/25/2005,4,13,37,38,50,24
02/22/2005,15,18,28,41,45,27
02/18/2005,1,19,31,35,42,34
02/15/2005,3,16,20,21,38,10
02/11/2005,6,14,21,24,50,28
02/08/2005,8,11,14,23,25,21
02/04/2005,3,12,14,30,52,34
02/01/2005,3,17,21,42,44,35
01/28/2005,25,31,39,47,52,43
01/25/2005,2,10,21,25,45,22
01/21/2005,17,27,39,40,41,21
01/18/2005,10,23,28,39,51,5
01/14/2005,15,19,24,40,47,50
01/11/2005,2,23,24,35,45,18
01/07/2005,2,8,14,15,51,38
01/04/2005,3,6,7,12,32,30
12/31/2004,10,14,45,47,51,20
12/28/2004,18,29,32,38,43,50
12/24/2004,9,20,22,41,42,10
12/21/2004,7,22,27,31,38,12
12/17/2004,16,34,38,42,47,1
12/14/2004,14,27,32,34,40,2
12/10/2004,22,23,37,42,47,15
12/07/2004,1,19,22,32,49,29
12/03/2004,12,32,37,41,52,13
11/30/2004,10,20,22,28,52,4
11/26/2004,7,9,18,37,43,34
11/23/2004,8,30,32,35,51,17
11/19/2004,1,12,24,36,51,38
11/16/2004,9,10,27,28,30,18
11/12/2004,5,31,33,35,51,1
11/09/2004,11,20,26,28,52,7
11/05/2004,3,29,30,41,43,1
11/02/2004,24,32,42,49,50,3
10/29/2004,10,18,26,31,41,48
10/26/2004,14,25,39,43,49,27
10/22/2004,3,7,20,24,43,36
10/19/2004,6,13,19,34,50,33
10/15/2004,4,8,24,30,36,25
10/12/2004,4,18,19,39,51,13
10/08/2004,16,17,21,33,41,6
10/05/2004,8,34,39,48,49,47
10/01/2004,8,10,17,24,39,52
09/28/2004,1,18,39,42,50,35
09/24/2004,11,26,30,49,50,52
09/21/2004,1,3,15,19,29,39
09/17/2004,3,16,25,38,49,4
09/14/2004,12,35,37,38,50,49
09/10/2004,11,17,27,45,52,5
09/07/2004,13,30,36,38,51,35
09/03/2004,4,14,34,38,44,10
08/31/2004,14,15,25,42,44,3
08/27/2004,5,25,38,46,47,14
08/24/2004,2,5,21,47,50,46
08/20/2004,12,17,34,37,39,34
08/17/2004,22,23,26,28,36,10
08/13/2004,14,31,41,45,48,20
08/10/2004,18,25,29,31,44,33
08/06/2004,4,23,33,38,49,7
08/03/2004,1,2,13,16,22,31
07/30/2004,16,19,21,34,35,22
07/27/2004,8,10,11,13,24,46
07/23/2004,5,12,25,35,37,12
07/20/2004,6,15,21,32,44,13
07/16/2004,3,21,22,35,44,7
07/13/2004,13,31,37,39,52,38
07/09/2004,11,23,25,29,45,16
07/06/2004,6,7,8,31,48,19
07/02/2004,10,25,38,39,50,12
06/29/2004,10,13,19,28,38,1
06/25/2004,18,19,29,32,42,32
06/22/2004,9,10,17,41,52,19
06/18/2004,7,10,11,15,51,23
06/15/2004,18,23,27,29,44,24
06/11/2004,12,28,36,39,52,36
06/08/2004,17,24,29,37,45,43
06/04/2004,4,16,18,41,47,46
06/01/2004,7,16,17,26,48,15
05/28/2004,13,27,36,39,51,33
05/25/2004,5,18,34,36,39,43
05/21/2004,4,20,27,38,49,31
05/18/2004,2,36,44,46,51,45
05/14/2004,10,19,32,36,46,6
05/11/2004,9,25,30,34,37,30
05/07/2004,14,17,19,44,50,17
05/04/2004,3,15,29,37,39,40
04/30/2004,15,21,32,39,50,34
04/27/2004,1,10,17,23,35,45
04/23/2004,8,22,25,47,48,27
04/20/2004,12,22,37,46,48,49
04/16/2004,6,24,29,42,51,41
04/13/2004,13,36,39,50,51,34
04/09/2004,2,8,10,11,23,40
04/06/2004,8,17,29,32,39,49
04/02/2004,8,17,25,46,47,13
03/30/2004,3,27,31,41,45,33
03/26/2004,8,10,17,37,49,20
03/23/2004,12,22,35,39,46,32
03/19/2004,6,9,14,32,50,4
03/16/2004,3,28,45,49,51,52
03/12/2004,4,29,32,35,36,11
03/09/2004,16,23,29,36,51,49
03/05/2004,30,40,47,49,52,3
03/02/2004,25,30,35,40,50,4
02/27/2004,2,9,24,36,52,44
02/24/2004,6,11,43,49,52,21
02/20/2004,1,13,20,21,30,24
02/17/2004,2,8,34,36,52,21
02/13/2004,14,30,42,43,45,30
02/10/2004,3,7,10,22,32,23
02/06/2004,1,6,16,30,49,13
02/03/2004,9,21,26,35,41,17
01/30/2004,17,28,30,40,51,44
01/27/2004,6,10,20,38,50,27
01/23/2004,10,18,33,46,51,13
01/20/2004,5,7,14,21,45,36
01/16/2004,12,26,41,44,49,44
01/13/2004,3,17,18,21,45,21
01/09/2004,24,32,38,47,49,12
01/06/2004,7,13,15,25,32,9
01/02/2004,7,8,36,44,48,9
12/30/2003,12,18,21,32,46,49
12/26/2003,1,10,17,20,29,36
12/23/2003,2,13,21,22,49,52
12/19/2003,5,10,17,35,39,38
12/16/2003,16,24,31,46,47,47
12/12/2003,9,16,32,45,46,26
12/09/2003,4,14,15,24,48,41
12/05/2003,1,12,15,18,44,42
12/02/2003,10,13,24,34,49,4
11/28/2003,19,26,31,44,50,19
11/25/2003,22,32,37,40,41,52
11/21/2003,14,26,28,36,42,14
11/18/2003,4,11,25,30,52,36
11/14/2003,3,13,31,41,42,52
11/11/2003,2,5,17,21,22,43
11/07/2003,6,18,23,26,30,31
11/04/2003,16,24,43,44,45,22
10/31/2003,6,12,13,36,46,3
10/28/2003,6,9,20,40,47,26
10/24/2003,8,9,16,30,31,15
10/21/2003,18,34,46,51,52,38
10/17/2003,14,20,31,46,48,18
10/14/2003,18,19,21,33,40,29
10/10/2003,4,19,36,42,48,13
10/07/2003,1,2,22,40,41,43
10/03/2003,19,21,30,31,52,51
09/30/2003,2,26,37,40,46,49
09/26/2003,5,29,32,45,52,29
09/23/2003,5,16,24,49,51,28
09/19/2003,13,14,24,34,47,13
09/16/2003,15,20,24,30,46,42
09/12/2003,16,22,23,38,46,45
09/09/2003,14,15,30,39,46,30
09/05/2003,7,9,28,41,42,19
09/02/2003,22,26,27,32,39,14
08/29/2003,8,11,17,42,52,10
08/26/2003,9,28,42,44,49,47
08/22/2003,4,19,31,32,51,31
08/19/2003,7,11,24,28,52,16
08/15/2003,1,16,20,41,52,13
08/12/2003,8,11,18,35,51,26
08/08/2003,6,9,35,40,43,42
08/05/2003,7,32,34,38,44,49
08/01/2003,2,11,27,30,33,46
07/29/2003,1,17,19,32,42,33
07/25/2003,33,46,47,50,51,30
07/22/2003,1,5,31,38,47,3
07/18/2003,29,30,34,38,44,39
07/15/2003,1,26,33,43,48,22
07/11/2003,1,4,10,16,18,10
07/08/2003,2,9,27,29,35,18
07/04/2003,6,7,22,37,46,8
07/01/2003,28,32,39,45,48,31
06/27/2003,1,14,20,31,40,43
06/24/2003,2,26,43,44,47,31
06/20/2003,1,2,3,12,37,35
06/17/2003,27,31,34,40,52,1
06/13/2003,12,15,16,20,51,33
06/10/2003,14,15,23,32,52,37
06/06/2003,10,14,28,39,40,35
06/03/2003,4,20,25,29,32,20
05/30/2003,1,21,28,33,51,3
05/27/2003,10,11,17,20,26,3
05/23/2003,12,20,31,33,50,17
05/20/2003,2,16,36,44,49,3
05/16/2003,5,10,16,26,39,52
05/13/2003,17,20,47,49,50,34
05/09/2003,1,10,20,22,28,39
05/06/2003,5,14,32,44,52,24
05/02/2003,2,5,19,32,34,52
04/29/2003,6,8,9,33,35,32
04/25/2003,1,12,32,48,51,29
04/22/2003,3,9,15,28,52,7
04/18/2003,5,15,24,50,52,3
04/15/2003,16,29,31,39,52,21
04/11/2003,15,26,27,38,39,46
04/08/2003,8,10,24,38,45,6
04/04/2003,6,22,28,31,40,18
04/01/2003,7,12,26,45,47,36
03/28/2003,8,12,21,27,29,15
03/25/2003,15,21,37,40,42,7
03/21/2003,6,17,18,40,50,8
03/18/2003,13,14,16,29,49,29
03/14/2003,3,6,14,31,33,8
03/11/2003,10,15,26,28,39,10
03/07/2003,7,10,32,36,41,33
03/04/2003,2,26,36,37,41,22
02/28/2003,11,16,26,48,49,13
02/25/2003,2,4,6,37,47,38
02/21/2003,21,28,29,40,51,20
02/18/2003,12,22,29,42,50,11
02/14/2003,11,13,19,32,47,21
02/11/2003,18,20,23,48,49,10
02/07/2003,3,9,20,26,27,50
02/04/2003,5,12,16,22,24,48
01/31/2003,1,8,9,19,22,21
01/28/2003,13,24,26,32,47,34
01/24/2003,16,31,37,40,41,5
01/21/2003,4,41,48,50,51,23
01/17/2003,25,26,38,42,46,27
01/14/2003,30,39,41,47,52,27
01/10/2003,7,17,18,34,50,18
01/07/2003,15,16,28,34,51,33
01/03/2003,6,14,28,37,46,3
12/31/2002,8,21,29,42,51,34
12/27/2002,11,14,26,30,39,3
12/24/2002,8,24,39,43,52,43
12/20/2002,10,14,41,46,49,52
12/17/2002,3,7,21,29,49,46
12/13/2002,2,13,14,24,46,34
12/10/2002,3,5,9,16,31,28
12/06/2002,4,8,30,36,52,48
12/03/2002,1,15,19,40,51,26
11/29/2002,8,25,33,42,49,40
11/26/2002,3,21,27,31,43,34
11/22/2002,11,16,19,22,46,5
11/19/2002,7,16,20,40,52,8
11/15/2002,6,17,44,49,51,39
11/12/2002,3,28,45,48,50,24
11/08/2002,17,19,37,47,48,14
11/05/2002,2,7,16,28,36,47
11/01/2002,5,10,22,23,43,37
10/29/2002,9,10,14,41,49,35
10/25/2002,8,15,34,39,47,4
10/22/2002,16,20,26,36,48,32
10/18/2002,10,31,40,48,51,38
10/15/2002,6,20,27,34,51,22
10/11/2002,9,11,17,26,41,29
10/08/2002,18,34,43,47,50,25
10/04/2002,10,42,43,45,51,1
10/01/2002,7,21,30,32,37,15
09/27/2002,23,27,30,33,36,5
09/24/2002,8,32,34,42,50,21
09/20/2002,1,2,4,5,46,8
09/17/2002,7,10,19,26,44,5
09/13/2002,24,32,37,40,51,12
09/10/2002,4,6,10,21,25,21
09/06/2002,31,39,42,49,51,35
09/03/2002,8,23,36,49,51,10
08/30/2002,6,31,32,42,51,42
08/27/2002,2,5,11,18,45,22
08/23/2002,5,19,20,45,48,44
08/20/2002,2,13,20,23,43,6
08/16/2002,22,31,33,44,52,43
08/13/2002,3,10,15,18,25,52
08/09/2002,7,17,23,43,44,26
08/06/2002,2,6,38,40,50,14
08/02/2002,10,16,23,28,31,7
07/30/2002,2,6,22,27,44,1
07/26/2002,20,27,28,37,49,32
07/23/2002,10,12,29,32,38,7
07/19/2002,7,15,24,37,46,9
07/16/2002,10,24,35,49,52,47
07/12/2002,13,19,23,38,47,15
07/09/2002,26,29,31,44,48,40
07/05/2002,11,20,26,29,41,41
07/02/2002,14,22,32,35,44,6
06/28/2002,18,31,49,50,51,4
06/25/2002,4,18,21,27,41,50
06/21/2002,13,18,32,39,49,6
06/18/2002,6,13,18,27,45,18
06/14/2002,4,8,32,37,43,2
06/11/2002,5,6,9,33,44,52
06/07/2002,14,22,27,28,42,13
06/04/2002,3,25,29,30,48,48
05/31/2002,12,28,45,46,52,47
05/28/2002,6,21,22,29,32,24
05/24/2002,2,4,32,44,52,36
05/21/2002,4,28,39,41,44,9
05/17/2002,15,18,25,33,47,30
04/27/2021,15,22,30,41,42,25
04/30/2021,8,19,26,48,49,5
05/04/2021,4,27,32,57,63,22
05/07/2021,5,10,19,21,50,10
05/11/2021,7,8,20,36,39,22
05/14/2021,3,18,41,44,68,3
05/18/2021,3,5,56,61,66,4
05/21/2021,6,9,17,18,48,8
05/25/2021,14,21,31,34,54,11
05/28/2021,10,14,20,47,70,15
06/01/2021,7,11,33,58,63,23
06/04/2021,4,30,34,41,64,8
06/08/2021,9,22,39,41,54,19
06/11/2021,4,43,56,63,68,13
06/15/2021,18,22,27,38,52,11
06/18/2021,14,36,44,46,53,18
06/22/2021,1,26,48,51,59,25
06/25/2021,17,20,42,45,65,12
06/29/2021,7,38,50,52,69,21
07/02/2021,8,31,32,34,45,19
07/06/2021,18,47,63,68,69,14
07/09/2021,6,37,39,41,46,17
07/13/2021,3,10,17,26,55,24
07/16/2021,24,25,47,52,57,24
07/20/2021,10,26,30,52,57,10
07/23/2021,13,17,19,40,69,17
07/27/2021,2,35,36,54,64,11
07/30/2021,19,26,31,52,68,10
08/03/2021,1,9,17,27,34,24
08/06/2021,9,18,40,46,69,9
08/10/2021,29,45,50,59,62,12
08/13/2021,17,21,35,40,53,11
08/17/2021,3,6,16,38,56,24
08/20/2021,41,43,51,57,70,1
08/24/2021,17,18,26,52,67,19
08/27/2021,1,10,44,47,56,23
08/31/2021,8,14,31,58,68,15
09/03/2021,7,10,12,61,65,3
09/07/2021,15,17,25,32,53,12
09/10/2021,20,32,35,47,64,18
09/14/2021,4,13,19,63,64,16
09/17/2021,17,32,40,59,61,18
09/21/2021,36,41,45,51,56,13
09/24/2021,17,21,27,43,56,15
09/28/2021,18,30,43,68,69,22
10/01/2021,21,25,36,62,63,6
10/05/2021,7,11,18,30,36,4
10/08/2021,21,24,36,40,70,22
10/12/2021,21,26,56,61,65,4
10/15/2021,3,20,31,34,65,18
10/19/2021,3,12,13,19,52,1
10/22/2021,9,14,26,29,66,22
10/26/2021,6,14,19,56,62,9
10/29/2021,15,26,28,35,45,4
11/02/2021,5,10,26,58,65,9
11/05/2021,10,15,20,66,68,18
11/09/2021,9,14,16,26,49,14
11/12/2021,30,32,42,46,48,15
11/16/2021,6,22,44,53,65,3
11/19/2021,5,23,52,53,59,18
11/23/2021,7,24,54,57,58,6
11/26/2021,7,27,37,42,59,2
11/30/2021,7,8,26,30,39,17
12/03/2021,22,45,48,58,61,13
12/07/2021,1,7,40,43,68,1
12/10/2021,23,25,40,42,60,8
12/14/2021,33,35,44,55,69,20
12/17/2021,21,32,38,48,62,10
12/21/2021,25,31,58,64,67,24
12/24/2021,16,17,25,36,37,16
12/28/2021,3,5,8,31,38,4
12/31/2021,2,5,30,46,61,8
01/04/2022,4,6,16,21,22,1
01/07/2022,7,29,43,56,57,6
01/11/2022,2,3,19,52,58,16
01/14/2022,5,8,13,22,48,25
01/18/2022,4,19,39,42,52,9
01/21/2022,38,45,46,55,67,18
01/25/2022,3,12,38,53,58,13
01/28/2022,3,16,25,44,55,13
02/01/2022,11,24,38,62,66,1
02/04/2022,7,16,34,44,61,24
02/08/2022,1,17,20,52,54,2
02/11/2022,11,16,23,24,30,24
02/15/2022,2,4,15,21,63,19
02/18/2022,6,11,50,63,68,17
02/22/2022,6,17,22,57,62,3
02/25/2022,15,31,40,56,66,4
03/01/2022,18,22,38,39,50,18
03/04/2022,11,19,28,46,47,5
03/08/2022,7,18,38,58,64,24
03/11/2022,24,28,39,44,66,25
03/15/2022,9,14,28,59,60,24
03/18/2022,2,6,25,40,45,5
03/22/2022,8,15,21,27,61,8
03/25/2022,3,13,42,51,58,17
03/29/2022,7,22,36,45,47,12
04/01/2022,26,42,47,48,63,21
04/05/2022,22,43,60,63,64,18
04/08/2022,8,11,29,32,40,2
04/12/2022,2,8,14,20,31,17
04/15/2022,4,17,20,46,64,23
04/19/2022,2,9,33,47,53,24
04/22/2022,7,28,29,58,59,10
04/26/2022,5,7,19,46,69,2
04/29/2022,9,11,34,49,66,15
05/03/2022,15,19,27,35,57,17
05/06/2022,16,21,33,52,70,10
05/10/2022,15,19,20,61,70,6
05/13/2022,11,41,43,44,65,13
05/17/2022,7,21,24,41,65,24
05/20/2022,33,40,59,60,69,22
05/24/2022,3,5,6,63,68,25
05/27/2022,3,14,40,53,54,8
05/31/2022,6,15,41,63,64,24
06/03/2022,11,16,22,48,59,11
06/07/2022,4,34,40,41,53,3
06/10/2022,3,12,14,18,32,4
06/14/2022,30,37,38,42,58,22
06/17/2022,20,36,53,56,69,16
06/21/2022,8,13,18,32,42,20
06/24/2022,1,7,11,25,56,14
06/28/2022,7,12,21,43,55,11
07/01/2022,1,27,29,38,62,12
07/05/2022,27,31,50,51,61,21
07/08/2022,20,36,61,62,69,20
07/12/2022,4,7,10,45,64,12
07/15/2022,8,20,26,53,64,15
07/19/2022,2,31,32,37,70,25
07/22/2022,14,40,60,64,66,16
07/26/2022,7,29,60,63,66,15
07/29/2022,13,36,45,57,67,14
08/02/2022,10,14,25,37,63,14
08/05/2022,2,5,29,64,69,18
08/09/2022,1,8,10,25,32,13
08/12/2022,23,24,50,54,64,3
08/16/2022,33,35,41,45,51,1
08/19/2022,12,18,24,46,65,3
08/23/2022,3,5,47,48,67,7
08/26/2022,6,27,30,38,64,23
08/30/2022,2,38,55,57,65,17
09/02/2022,39,40,52,60,67,20
09/06/2022,6,17,46,59,68,2
09/09/2022,16,21,54,55,69,22
09/13/2022,14,25,38,59,64,21
09/16/2022,15,30,35,38,66,12
09/20/2022,9,21,28,30,52,10
09/23/2022,5,50,53,58,64,22
09/27/2022,8,14,24,43,51,9
09/30/2022,16,26,37,40,51,6
10/04/2022,15,18,25,33,38,25
10/07/2022,6,11,29,36,55,21
10/11/2022,3,7,11,13,38,1
10/14/2022,9,22,26,41,44,19
10/18/2022,1,15,20,44,67,23
10/21/2022,34,36,43,45,68,22
10/25/2022,21,30,35,45,66,21
10/28/2022,4,18,31,53,69,7
11/01/2022,5,9,15,16,17,25
11/04/2022,2,20,47,55,59,19
11/08/2022,5,13,29,38,59,23
11/11/2022,1,5,17,37,70,22
11/15/2022,6,19,28,46,61,18
11/18/2022,2,14,16,38,66,9
11/22/2022,13,23,24,25,43,2
11/25/2022,29,31,46,54,67,18
11/29/2022,20,23,37,46,52,6
12/02/2022,1,21,36,46,52,16
12/06/2022,15,16,19,28,47,13
12/09/2022,8,19,53,61,69,19
12/13/2022,14,22,48,58,68,6
12/16/2022,8,35,40,53,56,11
12/20/2022,3,4,33,36,52,17
12/23/2022,15,21,32,38,62,8
12/27/2022,9,13,36,59,61,11
12/30/2022,1,3,6,44,51,7
01/03/2023,25,29,33,41,44,18
01/06/2023,3,20,46,59,63,13
01/10/2023,7,13,14,15,18,9
01/13/2023,30,43,45,46,61,14
01/17/2023,2,12,18,24,39,18
01/20/2023,20,29,31,64,66,17
01/24/2023,33,41,47,50,62,20
01/27/2023,4,43,46,47,61,22
01/31/2023,7,9,18,29,39,13
02/03/2023,1,4,50,54,59,17
02/07/2023,9,15,46,55,57,4
02/10/2023,20,29,30,52,58,19
02/14/2023,23,24,35,40,43,1
02/17/2023,2,33,38,57,70,13
02/21/2023,2,15,30,36,63,24
02/24/2023,2,22,49,65,67,7
02/28/2023,14,16,40,52,59,13
03/03/2023,8,25,36,39,67,11
03/07/2023,15,22,25,28,69,21
03/10/2023,9,20,59,60,63,5
03/14/2023,1,7,23,38,55,2
03/17/2023,26,28,29,39,49,25
03/21/2023,1,21,25,27,40,11
03/24/2023,14,17,33,42,66,15
03/28/2023,2,3,18,32,68,24
03/31/2023,16,26,27,42,61,23
04/04/2023,1,37,45,62,64,4
04/07/2023,12,32,49,51,66,21
04/11/2023,31,35,53,54,55,24
04/14/2023,23,27,41,48,51,22
04/18/2023,7,9,15,19,25,4
04/21/2023,3,21,29,46,63,9
04/25/2023,8,29,46,47,48,12
04/28/2023,18,38,53,62,64,20
05/02/2023,3,15,16,32,41,9
05/05/2023,16,18,28,42,43,11
05/09/2023,4,37,46,48,51,19
05/12/2023,1,2,23,40,45,15
05/16/2023,15,34,36,69,70,17
05/19/2023,5,11,41,44,55,14
05/23/2023,3,10,22,65,66,19
05/26/2023,12,20,37,41,64,1
05/30/2023,13,16,40,64,68,21
06/02/2023,3,16,19,36,60,25
06/06/2023,6,12,23,29,57,4
06/09/2023,3,19,53,60,68,13
06/13/2023,8,10,19,44,47,4
06/16/2023,4,24,34,45,57,19
06/20/2023,6,37,39,45,46,21
06/23/2023,13,62,65,67,69,14
06/27/2023,8,34,35,41,52,12
06/30/2023,13,22,47,51,55,9
07/04/2023,21,33,54,61,67,12
07/07/2023,8,10,17,55,66,3
07/11/2023,10,17,33,51,64,5
07/14/2023,10,24,48,51,66,15
07/18/2023,19,22,31,37,54,18
07/21/2023,29,40,47,50,57,25
07/25/2023,3,5,6,44,61,25
07/28/2023,5,10,28,52,63,18
08/01/2023,8,24,30,45,61,12
08/04/2023,11,30,45,52,56,20
08/08/2023,13,19,20,32,33,14
08/11/2023,8,9,18,35,41,18
08/15/2023,18,39,42,57,63,7
08/18/2023,10,20,29,44,66,11
08/22/2023,1,12,26,36,50,7
08/25/2023,12,23,26,31,38,2
08/29/2023,9,39,52,61,63,25
09/01/2023,10,31,42,43,55,8
09/05/2023,3,43,50,51,65,13
09/08/2023,3,12,17,51,62,1
09/12/2023,2,14,21,42,67,18
09/15/2023,5,13,29,50,53,25
09/19/2023,6,9,13,29,66,24
09/22/2023,10,13,14,57,66,3
09/26/2023,15,30,35,42,60,16
09/29/2023,18,40,47,55,64,11
10/03/2023,3,19,32,39,59,24
10/06/2023,12,24,46,57,66,22
10/10/2023,3,8,17,46,63,7
10/13/2023,6,18,44,46,68,18
10/17/2023,5,6,29,32,61,20
10/20/2023,7,29,36,49,61,22
10/24/2023,16,20,30,54,59,7
10/27/2023,11,32,43,57,70,6
10/31/2023,14,35,37,55,70,15
11/03/2023,15,32,38,47,65,12
11/07/2023,3,11,33,42,52,20
11/10/2023,13,33,59,68,70,8
11/17/2023,6,12,31,33,69,17
11/14/2023,29,35,59,61,69,22
11/21/2023,17,22,25,30,38,24
11/24/2023,6,15,45,59,68,1
11/28/2023,27,37,42,59,61,11
12/01/2023,12,47,49,52,65,12
12/05/2023,18,35,40,64,67,18
12/08/2023,21,26,53,66,70,13
12/12/2023,8,23,44,45,53,3
12/15/2023,10,20,28,40,54,12
12/19/2023,17,26,50,58,61,11
12/22/2023,10,26,36,54,69,4
12/26/2023,8,10,22,58,64,21
12/29/2023,11,27,30,62,70,10
01/02/2024,3,18,27,29,64,1
01/05/2024,5,23,26,38,44,25
01/09/2024,12,15,32,33,53,24
01/12/2024,19,34,35,45,67,7
01/16/2024,2,10,42,49,54,13
01/19/2024,1,9,16,17,30,17
01/23/2024,21,28,58,69,70,20
01/26/2024,14,31,34,50,61,13
01/30/2024,3,5,16,58,59,11
02/02/2024,11,22,42,64,69,18
02/06/2024,2,10,31,44,57,10
02/09/2024,17,22,29,46,69,1
02/13/2024,1,3,19,25,58,20
02/16/2024,19,23,39,42,67,18
02/20/2024,5,45,55,58,68,7
02/23/2024,4,6,40,41,60,11
02/27/2024,6,18,26,27,49,4
03/01/2024,15,33,37,55,61,24
03/05/2024,2,49,50,61,70,14
03/08/2024,19,20,22,47,58,1
03/12/2024,2,16,31,57,64,24
03/15/2024,13,25,50,51,66,6
03/19/2024,24,46,49,62,66,7
03/22/2024,3,8,31,35,44,16
03/26/2024,7,11,22,29,38,4
03/29/2024,11,30,33,38,60,16
04/02/2024,10,50,56,60,66,19
04/05/2024,20,30,54,63,65,14
04/09/2024,34,43,51,52,69,25
04/12/2024,1,12,14,18,66,16
04/16/2024,21,26,36,44,59,2
04/19/2024,19,30,34,46,58,3
04/23/2024,11,17,33,39,43,14
04/26/2024,15,23,53,57,61,9
04/30/2024,10,18,27,37,61,5
05/03/2024,6,13,15,53,56,11
05/07/2024,26,28,36,63,66,15
05/10/2024,13,22,26,32,65,18
05/14/2024,13,19,43,62,64,6
05/17/2024,8,17,40,60,70,3
05/21/2024,2,5,8,28,69,14
05/24/2024,46,54,56,67,70,16
05/28/2024,12,18,48,57,62,4
05/31/2024,4,11,23,33,49,23
06/04/2024,19,37,40,63,69,17
06/07/2024,3,5,12,22,66,7
06/11/2024,1,5,7,22,24,8
06/14/2024,1,25,26,31,65,2
06/18/2024,21,22,50,55,67,20
06/21/2024,3,18,27,40,44,19
06/25/2024,3,16,27,47,62,8
06/28/2024,28,31,33,42,66,24
07/02/2024,4,8,19,31,45,11
07/05/2024,6,15,32,54,67,4
07/09/2024,21,26,54,60,64,3
07/12/2024,15,35,48,53,68,8
07/16/2024,5,35,42,58,66,22
07/19/2024,10,17,23,50,67,3
07/23/2024,3,9,14,26,51,21
07/26/2024,2,14,33,58,65,3
07/30/2024,19,23,30,33,50,25
08/02/2024,6,7,24,44,54,13
08/06/2024,23,29,36,61,70,22
08/09/2024,12,32,38,40,57,21
08/13/2024,34,55,59,65,70,12
08/16/2024,22,38,48,51,61,5
08/20/2024,5,20,26,49,51,24
08/23/2024,28,30,44,66,69,2
08/27/2024,16,18,21,54,65,5
08/30/2024,10,17,20,24,54,8
09/03/2024,12,41,43,52,55,9
09/06/2024,6,23,41,59,63,25
09/10/2024,1,2,16,24,66,6
09/13/2024,21,55,56,57,66,1
09/17/2024,14,31,48,57,64,9
09/20/2024,20,21,40,49,55,11
09/24/2024,1,6,10,23,27,18
09/27/2024,29,46,53,69,70,23
10/01/2024,27,35,47,50,66,25
10/04/2024,21,39,42,43,45,3
10/08/2024,3,19,20,22,66,9
10/11/2024,3,10,29,52,57,20
10/15/2024,22,34,44,54,62,3
10/18/2024,4,9,26,39,58,23
10/22/2024,8,43,48,58,60,4
10/25/2024,23,26,35,41,43,7
10/29/2024,16,22,26,36,56,1
11/01/2024,11,22,42,46,51,4
11/05/2024,2,24,25,52,58,9
11/08/2024,25,28,42,64,69,19
11/12/2024,18,31,33,64,68,17
11/15/2024,5,17,35,55,69,19
11/19/2024,5,35,50,51,59,8
11/22/2024,13,20,26,32,65,2
11/26/2024,5,22,24,39,42,3
11/29/2024,3,29,34,37,38,17
12/03/2024,52,60,61,66,67,23
12/06/2024,16,21,33,39,45,24
12/10/2024,12,14,26,48,52,21
12/13/2024,36,43,52,58,65,16
12/17/2024,56,66,67,68,69,18
12/20/2024,2,20,51,56,67,19
12/24/2024,11,14,38,45,46,3
12/27/2024,3,7,37,49,55,6
12/31/2024,13,22,27,29,35,1
01/03/2025,20,42,46,59,69,19
01/07/2025,20,24,33,39,48,18
01/10/2025,9,23,39,65,66,22
01/14/2025,4,14,35,49,62,6
01/17/2025,8,10,37,54,69,22
01/21/2025,27,30,56,64,65,22
01/24/2025,8,12,43,52,62,18
01/28/2025,10,19,31,47,56,6
01/31/2025,9,28,48,56,63,2
02/04/2025,14,24,31,53,54,1
02/07/2025,4,24,32,41,55,16
02/11/2025,7,30,39,41,70,13
02/14/2025,11,19,31,49,56,16
02/18/2025,1,20,25,58,61,22
02/21/2025,1,13,28,37,46,10
02/25/2025,4,8,11,32,52,13
02/28/2025,9,19,30,35,66,16
03/04/2025,14,19,47,52,70,6
03/07/2025,8,20,48,58,60,7
03/11/2025,1,19,26,38,69,15
03/14/2025,3,17,39,42,70,1
03/18/2025,27,28,31,32,33,24
03/21/2025,15,22,31,52,57,2
03/25/2025,1,5,17,39,62,8
03/28/2025,2,9,31,60,63,23
04/01/2025,11,12,21,29,49,3
04/04/2025,11,28,35,37,69,25
04/08/2025,10,16,50,60,61,17
04/11/2025,15,37,38,56,58,19
04/15/2025,6,10,13,24,63,2
04/18/2025,5,13,15,17,28,1
04/22/2025,25,39,49,52,65,22
04/25/2025,38,40,60,62,70,9
04/29/2025,16,33,40,51,57,10
05/02/2025,14,37,40,41,68,2
05/06/2025,16,17,43,46,58,16
05/09/2025,9,10,12,48,60,16
05/13/2025,6,29,33,47,68,20
05/16/2025,2,22,42,62,66,14
05/20/2025,18,30,33,55,64,11
05/23/2025,7,18,40,55,68,18
05/27/2025,6,28,34,48,62,9
05/30/2025,2,28,37,38,58,13
06/03/2025,16,24,29,36,45,13
06/06/2025,16,40,54,56,57,3
06/10/2025,10,11,14,38,45,24
06/13/2025,8,10,22,40,47,1
06/17/2025,16,23,39,46,55,12
06/20/2025,26,49,58,61,63,9
06/24/2025,10,11,18,24,60,20
06/27/2025,18,21,29,42,50,2
07/01/2025,19,28,31,39,54,5
07/04/2025,17,20,24,41,42,24
07/08/2025,4,6,38,44,62,24
07/11/2025,12,23,24,31,56,1
07/15/2025,6,10,24,35,43,1
07/18/2025,11,43,54,55,63,3
07/22/2025,22,41,42,59,69,17
07/25/2025,14,21,25,49,52,7
07/29/2025,17,30,34,63,67,11
08/01/2025,18,27,29,33,70,22
08/05/2025,12,27,42,59,65,2
08/08/2025,2,6,8,14,49,12
08/12/2025,1,8,31,56,67,23
08/15/2025,4,17,27,34,69,16
08/19/2025,10,19,24,49,68,10
08/22/2025,18,30,44,48,50,12
08/26/2025,7,12,30,40,69,17
08/29/2025,13,31,32,44,45,21
09/02/2025,7,17,35,40,64,23
09/05/2025,6,14,36,58,62,24
09/09/2025,6,43,52,64,65,22
